ISO-10303-21;
HEADER;
FILE_DESCRIPTION (( 'STEP AP214' ),
    '1' );
FILE_NAME ('00 Dernière Version renfort 02a 02j By Bolino08C.STEP',
    '2025-10-14T21:54:11',
    ( '' ),
    ( '' ),
    'SwSTEP 2.0',
    'SolidWorks 2020',
    '' );
FILE_SCHEMA (( 'AUTOMOTIVE_DESIGN' ));
ENDSEC;

DATA;
#1 = DIRECTION ( 'NONE',  ( -0.000000000000000000, -0.000000000000000000, -1.000000000000000000 ) ) ;
#2 = AXIS2_PLACEMENT_3D ( 'NONE', #1852, #1709, #399 ) ;
#3 = CIRCLE ( 'NONE', #1260, 4.250000000000087041 ) ;
#4 = CARTESIAN_POINT ( 'NONE',  ( -1025.504039774049261, 1771.915137767791975, 20.00000000000000000 ) ) ;
#5 = VECTOR ( 'NONE', #826, 1000.000000000000114 ) ;
#6 = CIRCLE ( 'NONE', #977, 31.52649575465638065 ) ;
#7 = DIRECTION ( 'NONE',  ( -1.000000000000000000, 0.000000000000000000, 0.000000000000000000 ) ) ;
#8 = CARTESIAN_POINT ( 'NONE',  ( -1029.754039774049488, 1771.915137767791975, 17.50000000000000000 ) ) ;
#9 = ORIENTED_EDGE ( 'NONE', *, *, #467, .F. ) ;
#10 = EDGE_CURVE ( 'NONE', #1724, #1356, #285, .T. ) ;
#11 = CARTESIAN_POINT ( 'NONE',  ( -1029.239158884255630, 1783.981147779488083, 17.39319252280949968 ) ) ;
#12 = ADVANCED_FACE ( 'NONE', ( #1784 ), #1470, .T. ) ;
#13 = CARTESIAN_POINT ( 'NONE',  ( -1044.387407039451091, 1757.905616267200458, 18.29339999386094462 ) ) ;
#14 = LINE ( 'NONE', #613, #1111 ) ;
#15 = CARTESIAN_POINT ( 'NONE',  ( -1018.887281821465194, 1814.258866816416457, 5.000000000000000000 ) ) ;
#16 = CARTESIAN_POINT ( 'NONE',  ( -1018.253918554866686, 1774.934733075354870, 17.96755822948172465 ) ) ;
#17 = ADVANCED_FACE ( 'NONE', ( #1794 ), #456, .F. ) ;
#18 = EDGE_LOOP ( 'NONE', ( #1778, #1885, #1887, #1312 ) ) ;
#19 = ORIENTED_EDGE ( 'NONE', *, *, #901, .F. ) ;
#20 = DIRECTION ( 'NONE',  ( 0.000000000000000000, 0.000000000000000000, -1.000000000000000000 ) ) ;
#21 = DIRECTION ( 'NONE',  ( 0.000000000000000000, 0.000000000000000000, 1.000000000000000000 ) ) ;
#22 = LINE ( 'NONE', #1785, #1605 ) ;
#23 = ORIENTED_EDGE ( 'NONE', *, *, #1845, .T. ) ;
#24 = FACE_OUTER_BOUND ( 'NONE', #534, .T. ) ;
#25 = CARTESIAN_POINT ( 'NONE',  ( -1036.329533811758665, 1851.141629448620961, 19.69742206334248991 ) ) ;
#26 = CARTESIAN_POINT ( 'NONE',  ( -1085.924863780605619, 1766.551015240923334, 20.00000000000000000 ) ) ;
#27 = EDGE_CURVE ( 'NONE', #492, #1090, #1418, .T. ) ;
#28 = CIRCLE ( 'NONE', #1783, 4.250000000000087041 ) ;
#29 = ADVANCED_FACE ( 'NONE', ( #1544 ), #974, .F. ) ;
#30 = VECTOR ( 'NONE', #1889, 1000.000000000000000 ) ;
#31 = ORIENTED_EDGE ( 'NONE', *, *, #65, .T. ) ;
#32 = CIRCLE ( 'NONE', #722, 12.09452907641317410 ) ;
#33 = CIRCLE ( 'NONE', #916, 34.52649575465671461 ) ;
#34 = VERTEX_POINT ( 'NONE', #649 ) ;
#35 = DIRECTION ( 'NONE',  ( -0.000000000000000000, -0.000000000000000000, -1.000000000000000000 ) ) ;
#36 = DIRECTION ( 'NONE',  ( -0.000000000000000000, 1.000000000000000000, 0.000000000000000000 ) ) ;
#37 = DIRECTION ( 'NONE',  ( -0.9995583322655097192, -0.02971767821672425397, -0.000000000000000000 ) ) ;
#38 = FACE_BOUND ( 'NONE', #946, .T. ) ;
#39 = CARTESIAN_POINT ( 'NONE',  ( -1043.731196534223955, 1878.982104640781699, 18.57179137943001379 ) ) ;
#40 = DIRECTION ( 'NONE',  ( -0.000000000000000000, -0.000000000000000000, -1.000000000000000000 ) ) ;
#41 = ORIENTED_EDGE ( 'NONE', *, *, #109, .T. ) ;
#42 = CARTESIAN_POINT ( 'NONE',  ( -1036.462123803467193, 1852.473236673431074, 17.00000000000000000 ) ) ;
#43 = DIRECTION ( 'NONE',  ( -1.000000000000000000, 0.000000000000000000, 0.000000000000000000 ) ) ;
#44 = CARTESIAN_POINT ( 'NONE',  ( -1043.491721153259277, 1879.367113113403320, 10.00000000000000000 ) ) ;
#45 = CARTESIAN_POINT ( 'NONE',  ( -1073.083024767848656, 1772.191941738128207, 17.50000000000000000 ) ) ;
#46 = CARTESIAN_POINT ( 'NONE',  ( -1063.295020342014141, 1855.310320854187012, 17.50000000000000000 ) ) ;
#47 = PLANE ( 'NONE',  #1239 ) ;
#48 = ORIENTED_EDGE ( 'NONE', *, *, #70, .T. ) ;
#49 = ORIENTED_EDGE ( 'NONE', *, *, #252, .F. ) ;
#50 = DIRECTION ( 'NONE',  ( -0.000000000000000000, -0.000000000000000000, -1.000000000000000000 ) ) ;
#51 = CARTESIAN_POINT ( 'NONE',  ( -1052.478288934592456, 1846.333511005906757, 18.82973770933411473 ) ) ;
#52 = EDGE_CURVE ( 'NONE', #594, #1463, #94, .T. ) ;
#53 = EDGE_CURVE ( 'NONE', #1328, #1375, #226, .T. ) ;
#54 = ORIENTED_EDGE ( 'NONE', *, *, #1423, .T. ) ;
#55 = CARTESIAN_POINT ( 'NONE',  ( -1020.715181605148700, 1771.741931412691429, 20.00000000000000000 ) ) ;
#56 = CYLINDRICAL_SURFACE ( 'NONE', #823, 9.500000000000063949 ) ;
#57 = LINE ( 'NONE', #1662, #1787 ) ;
#58 = FACE_OUTER_BOUND ( 'NONE', #491, .T. ) ;
#59 = AXIS2_PLACEMENT_3D ( 'NONE', #166, #1071, #1654 ) ;
#60 = ORIENTED_EDGE ( 'NONE', *, *, #192, .T. ) ;
#61 = VECTOR ( 'NONE', #1528, 1000.000000000000000 ) ;
#62 = LINE ( 'NONE', #357, #1640 ) ;
#63 =( GEOMETRIC_REPRESENTATION_CONTEXT ( 3 ) GLOBAL_UNCERTAINTY_ASSIGNED_CONTEXT ( ( #1838 ) ) GLOBAL_UNIT_ASSIGNED_CONTEXT ( ( #1458, #1725, #739 ) ) REPRESENTATION_CONTEXT ( 'NONE', 'WORKASPACE' ) );
#64 = ORIENTED_EDGE ( 'NONE', *, *, #1015, .T. ) ;
#65 = EDGE_CURVE ( 'NONE', #1862, #1586, #1253, .T. ) ;
#66 = CARTESIAN_POINT ( 'NONE',  ( -928.4727401059569729, 1806.253412200929461, 20.00000000000000000 ) ) ;
#67 = FACE_OUTER_BOUND ( 'NONE', #265, .T. ) ;
#68 = CARTESIAN_POINT ( 'NONE',  ( -1029.754039774049488, 1771.915137767791975, 5.000000000000000888 ) ) ;
#69 = CARTESIAN_POINT ( 'NONE',  ( -1049.795992817839533, 1779.737898534968053, 20.00000000000000000 ) ) ;
#70 = EDGE_CURVE ( 'NONE', #1205, #1691, #479, .T. ) ;
#71 = ORIENTED_EDGE ( 'NONE', *, *, #929, .T. ) ;
#72 = CARTESIAN_POINT ( 'NONE',  ( -1021.052665383984845, 1774.380168196692011, 20.00000000000000000 ) ) ;
#73 = CARTESIAN_POINT ( 'NONE',  ( -1029.807977354527111, 1771.919483044095614, 5.000000000000000888 ) ) ;
#74 = ORIENTED_EDGE ( 'NONE', *, *, #1492, .F. ) ;
#75 = LINE ( 'NONE', #1244, #348 ) ;
#76 = DIRECTION ( 'NONE',  ( -1.000000000000000000, 0.000000000000000000, 0.000000000000000000 ) ) ;
#77 = CARTESIAN_POINT ( 'NONE',  ( -1042.982503706464513, 1878.633338417544110, 17.99081508306227306 ) ) ;
#78 = ORIENTED_EDGE ( 'NONE', *, *, #1172, .T. ) ;
#79 = DIRECTION ( 'NONE',  ( 0.000000000000000000, 0.000000000000000000, -1.000000000000000000 ) ) ;
#80 = VERTEX_POINT ( 'NONE', #677 ) ;
#81 = PRODUCT_RELATED_PRODUCT_CATEGORY ( 'part', '', ( #122 ) ) ;
#82 = ADVANCED_FACE ( 'NONE', ( #833 ), #809, .F. ) ;
#83 = CARTESIAN_POINT ( 'NONE',  ( -1073.083024767848656, 1772.191941738128207, 17.50000000000000000 ) ) ;
#84 = CARTESIAN_POINT ( 'NONE',  ( -1032.342076301574707, 1868.173360824584961, 17.00000000000000000 ) ) ;
#85 = EDGE_CURVE ( 'NONE', #1850, #1198, #321, .T. ) ;
#86 = ADVANCED_FACE ( 'NONE', ( #642 ), #1513, .T. ) ;
#87 = ORIENTED_EDGE ( 'NONE', *, *, #1289, .T. ) ;
#88 = ORIENTED_EDGE ( 'NONE', *, *, #1793, .F. ) ;
#89 = SURFACE_STYLE_FILL_AREA ( #844 ) ;
#90 = AXIS2_PLACEMENT_3D ( 'NONE', #1527, #1823, #522 ) ;
#91 = CARTESIAN_POINT ( 'NONE',  ( -1040.495946957623573, 1860.051619371335619, 17.50000000000000000 ) ) ;
#92 = ORIENTED_EDGE ( 'NONE', *, *, #196, .T. ) ;
#93 = AXIS2_PLACEMENT_3D ( 'NONE', #135, #734, #1096 ) ;
#94 = CIRCLE ( 'NONE', #1183, 9.500000000000063949 ) ;
#95 = FACE_OUTER_BOUND ( 'NONE', #436, .T. ) ;
#96 = CIRCLE ( 'NONE', #760, 9.500000000000063949 ) ;
#97 = DIRECTION ( 'NONE',  ( 0.000000000000000000, 0.000000000000000000, -1.000000000000000000 ) ) ;
#98 = DIRECTION ( 'NONE',  ( 0.000000000000000000, 0.000000000000000000, -1.000000000000000000 ) ) ;
#99 = ORIENTED_EDGE ( 'NONE', *, *, #387, .T. ) ;
#100 = EDGE_LOOP ( 'NONE', ( #935, #867 ) ) ;
#101 = DIRECTION ( 'NONE',  ( 0.9981352993660486117, 0.06104034861834027603, -0.000000000000000000 ) ) ;
#102 = CARTESIAN_POINT ( 'NONE',  ( -1034.004039774049488, 1771.915137767791975, 17.50000000000000000 ) ) ;
#103 = ORIENTED_EDGE ( 'NONE', *, *, #53, .F. ) ;
#104 = DIRECTION ( 'NONE',  ( -0.000000000000000000, -0.000000000000000000, -1.000000000000000000 ) ) ;
#105 = ORIENTED_EDGE ( 'NONE', *, *, #525, .F. ) ;
#106 = EDGE_LOOP ( 'NONE', ( #1140, #1270, #996, #873 ) ) ;
#107 = CARTESIAN_POINT ( 'NONE',  ( -1033.849012508638907, 1736.568721023926400, 5.000000000000000888 ) ) ;
#108 = VERTEX_POINT ( 'NONE', #1801 ) ;
#109 = EDGE_CURVE ( 'NONE', #463, #874, #943, .T. ) ;
#110 = CARTESIAN_POINT ( 'NONE',  ( -1068.545020342014141, 1855.310320854187012, 20.00000000000000000 ) ) ;
#111 = ADVANCED_FACE ( 'NONE', ( #1078 ), #723, .T. ) ;
#112 = DIRECTION ( 'NONE',  ( -1.000000000000000000, 0.000000000000000000, 0.000000000000000000 ) ) ;
#113 = CYLINDRICAL_SURFACE ( 'NONE', #856, 9.500000000000063949 ) ;
#114 = PLANE ( 'NONE',  #1393 ) ;
#115 = EDGE_CURVE ( 'NONE', #1168, #922, #57, .T. ) ;
#116 = EDGE_CURVE ( 'NONE', #746, #463, #350, .T. ) ;
#117 = ORIENTED_EDGE ( 'NONE', *, *, #1369, .F. ) ;
#118 = ORIENTED_EDGE ( 'NONE', *, *, #196, .F. ) ;
#119 = ORIENTED_EDGE ( 'NONE', *, *, #443, .T. ) ;
#120 = AXIS2_PLACEMENT_3D ( 'NONE', #1532, #652, #366 ) ;
#121 = CARTESIAN_POINT ( 'NONE',  ( -1031.693670248238277, 1760.373723925340300, 18.50217074592595523 ) ) ;
#122 = PRODUCT ( '00 Dernière Version renfort 02a 02j By Bolino08C', '00 Dernière Version renfort 02a 02j By Bolino08C', '', ( #269 ) ) ;
#123 = CYLINDRICAL_SURFACE ( 'NONE', #183, 4.250000000000087041 ) ;
#124 = EDGE_CURVE ( 'NONE', #1199, #932, #951, .T. ) ;
#125 = DIRECTION ( 'NONE',  ( 1.000000000000000000, 0.000000000000000000, 0.000000000000000000 ) ) ;
#126 = VECTOR ( 'NONE', #959, 1000.000000000000000 ) ;
#127 = CIRCLE ( 'NONE', #887, 4.250000000000087041 ) ;
#128 = AXIS2_PLACEMENT_3D ( 'NONE', #143, #745, #1321 ) ;
#129 = AXIS2_PLACEMENT_3D ( 'NONE', #42, #1378, #1658 ) ;
#130 = CARTESIAN_POINT ( 'NONE',  ( -1025.504039774049261, 1771.915137767791975, 20.00000000000000000 ) ) ;
#131 = CARTESIAN_POINT ( 'NONE',  ( -1063.583024767848656, 1772.191941738128207, 17.50000000000000000 ) ) ;
#132 = ORIENTED_EDGE ( 'NONE', *, *, #771, .F. ) ;
#133 = ORIENTED_EDGE ( 'NONE', *, *, #288, .T. ) ;
#134 = DIRECTION ( 'NONE',  ( 1.000000000000000000, 0.000000000000000000, 0.000000000000000000 ) ) ;
#135 = CARTESIAN_POINT ( 'NONE',  ( -1029.239296913146973, 1784.000635147094727, 20.00000000000000000 ) ) ;
#136 = VERTEX_POINT ( 'NONE', #1530 ) ;
#137 = DIRECTION ( 'NONE',  ( 1.000000000000000000, 0.000000000000000000, 0.000000000000000000 ) ) ;
#138 = FILL_AREA_STYLE_COLOUR ( '', #1639 ) ;
#139 = DIRECTION ( 'NONE',  ( 0.000000000000000000, 0.000000000000000000, -1.000000000000000000 ) ) ;
#140 = CARTESIAN_POINT ( 'NONE',  ( -1040.495946957623573, 1860.051619371335619, 17.00000000000000000 ) ) ;
#141 = EDGE_CURVE ( 'NONE', #395, #895, #1126, .T. ) ;
#142 = EDGE_LOOP ( 'NONE', ( #1503, #229, #1701, #49 ) ) ;
#143 = CARTESIAN_POINT ( 'NONE',  ( -1040.495946957623573, 1860.051619371335619, 17.00000000000000000 ) ) ;
#144 = EDGE_LOOP ( 'NONE', ( #1230, #1611, #1440, #1752, #1655, #1399, #1712, #617, #577, #1585, #186, #1016 ) ) ;
#145 = CARTESIAN_POINT ( 'NONE',  ( -1019.103904724263543, 1774.769119318844332, 19.26019982947050480 ) ) ;
#146 = EDGE_CURVE ( 'NONE', #1649, #277, #1269, .T. ) ;
#147 = CARTESIAN_POINT ( 'NONE',  ( -1036.737009078676465, 1852.310040442772106, 20.00000000000000000 ) ) ;
#148 = CYLINDRICAL_SURFACE ( 'NONE', #1114, 9.500000000000063949 ) ;
#149 = EDGE_CURVE ( 'NONE', #674, #644, #1697, .T. ) ;
#150 = EDGE_LOOP ( 'NONE', ( #435, #457 ) ) ;
#151 = CARTESIAN_POINT ( 'NONE',  ( -1022.660393616291685, 1865.361131938153449, 5.000000000000000000 ) ) ;
#152 = ADVANCED_FACE ( 'NONE', ( #1853 ), #849, .F. ) ;
#153 = ORIENTED_EDGE ( 'NONE', *, *, #1876, .T. ) ;
#154 = DIRECTION ( 'NONE',  ( -0.000000000000000000, 0.000000000000000000, -1.000000000000000000 ) ) ;
#155 = LINE ( 'NONE', #1028, #1840 ) ;
#156 = CIRCLE ( 'NONE', #414, 4.999999999999893419 ) ;
#157 = LINE ( 'NONE', #1047, #787 ) ;
#158 = AXIS2_PLACEMENT_3D ( 'NONE', #1615, #1167, #1021 ) ;
#159 = AXIS2_PLACEMENT_3D ( 'NONE', #578, #1471, #1052 ) ;
#160 = AXIS2_PLACEMENT_3D ( 'NONE', #305, #597, #137 ) ;
#161 = ORIENTED_EDGE ( 'NONE', *, *, #1145, .T. ) ;
#162 = CARTESIAN_POINT ( 'NONE',  ( -1083.447098206458577, 1868.995441141963056, 20.00000000000000000 ) ) ;
#163 = EDGE_LOOP ( 'NONE', ( #1271, #341, #1162, #1104 ) ) ;
#164 = DIRECTION ( 'NONE',  ( 0.000000000000000000, 0.000000000000000000, 1.000000000000000000 ) ) ;
#165 = CARTESIAN_POINT ( 'NONE',  ( -1040.495946957623573, 1860.051619371335619, 20.00000000000000000 ) ) ;
#166 = CARTESIAN_POINT ( 'NONE',  ( -1073.083024767848656, 1772.191941738128207, 17.50000000000000000 ) ) ;
#167 = VERTEX_POINT ( 'NONE', #1135 ) ;
#168 = DIRECTION ( 'NONE',  ( 0.7085012791991032177, 0.7057095276197099532, 0.000000000000000000 ) ) ;
#169 = ORIENTED_EDGE ( 'NONE', *, *, #1226, .T. ) ;
#170 = DIRECTION ( 'NONE',  ( -1.000000000000000000, 0.000000000000000000, 0.000000000000000000 ) ) ;
#171 = CARTESIAN_POINT ( 'NONE',  ( -1029.236675975482285, 1783.603866651113321, 18.50286235619051212 ) ) ;
#172 = CARTESIAN_POINT ( 'NONE',  ( -1043.707730672498656, 1757.921022816093000, 17.30264857963565106 ) ) ;
#173 = EDGE_CURVE ( 'NONE', #644, #854, #728, .T. ) ;
#174 = ADVANCED_FACE ( 'NONE', ( #1601 ), #1304, .F. ) ;
#175 = CARTESIAN_POINT ( 'NONE',  ( -1035.788297653198015, 1849.549889564513023, 17.19864824404150738 ) ) ;
#176 = CARTESIAN_POINT ( 'NONE',  ( -1029.807977354526884, 1771.919483044096069, 20.00000000000000000 ) ) ;
#177 = EDGE_CURVE ( 'NONE', #204, #215, #1666, .T. ) ;
#178 = EDGE_LOOP ( 'NONE', ( #945, #9 ) ) ;
#179 = FACE_OUTER_BOUND ( 'NONE', #163, .T. ) ;
#180 = DIRECTION ( 'NONE',  ( 1.000000000000000000, 0.000000000000000000, 0.000000000000000000 ) ) ;
#181 = LINE ( 'NONE', #831, #1146 ) ;
#182 = DIRECTION ( 'NONE',  ( -0.000000000000000000, -0.000000000000000000, -1.000000000000000000 ) ) ;
#183 = AXIS2_PLACEMENT_3D ( 'NONE', #547, #1142, #1747 ) ;
#184 = AXIS2_PLACEMENT_3D ( 'NONE', #1438, #139, #740 ) ;
#185 = ORIENTED_EDGE ( 'NONE', *, *, #1188, .F. ) ;
#186 = ORIENTED_EDGE ( 'NONE', *, *, #470, .F. ) ;
#187 = LINE ( 'NONE', #1218, #212 ) ;
#188 = CARTESIAN_POINT ( 'NONE',  ( -1019.384588535235025, 1771.816946212650691, 19.69645681485550881 ) ) ;
#189 = LINE ( 'NONE', #44, #971 ) ;
#190 = DIRECTION ( 'NONE',  ( 0.9981352993660487227, 0.06104034861834028297, -0.000000000000000000 ) ) ;
#191 = DIRECTION ( 'NONE',  ( -1.000000000000000000, 0.000000000000000000, 0.000000000000000000 ) ) ;
#192 = EDGE_CURVE ( 'NONE', #1198, #690, #585, .T. ) ;
#193 = CARTESIAN_POINT ( 'NONE',  ( -1052.814046379040747, 1848.604098679485332, 20.00000000000000355 ) ) ;
#194 = CARTESIAN_POINT ( 'NONE',  ( -1049.855064709544195, 1781.242198080215985, 19.60260141857211380 ) ) ;
#195 = DIRECTION ( 'NONE',  ( 0.000000000000000000, 0.000000000000000000, -1.000000000000000000 ) ) ;
#196 = EDGE_CURVE ( 'NONE', #718, #606, #1763, .T. ) ;
#197 = ORIENTED_EDGE ( 'NONE', *, *, #848, .T. ) ;
#198 = CARTESIAN_POINT ( 'NONE',  ( -1029.239296913146973, 1784.000635147094727, 10.00000000000000000 ) ) ;
#199 = LINE ( 'NONE', #1501, #818 ) ;
#200 = CARTESIAN_POINT ( 'NONE',  ( -1083.573102951909959, 1837.334156034344687, 20.00000000000000000 ) ) ;
#201 = CARTESIAN_POINT ( 'NONE',  ( -1040.495946957623573, 1860.051619371335619, 5.000000000000000888 ) ) ;
#202 = DIRECTION ( 'NONE',  ( -1.000000000000000000, 0.000000000000000000, 0.000000000000000000 ) ) ;
#203 = EDGE_CURVE ( 'NONE', #606, #1388, #614, .T. ) ;
#204 = VERTEX_POINT ( 'NONE', #15 ) ;
#205 = DIRECTION ( 'NONE',  ( -1.000000000000000000, 0.000000000000000000, 0.000000000000000000 ) ) ;
#206 = UNCERTAINTY_MEASURE_WITH_UNIT (LENGTH_MEASURE( 1.000000000000000082E-05 ), #694, 'distance_accuracy_value', 'NONE');
#207 = ORIENTED_EDGE ( 'NONE', *, *, #1374, .T. ) ;
#208 = CARTESIAN_POINT ( 'NONE',  ( -1045.655290077765585, 1879.302788458180430, 5.000000000000000888 ) ) ;
#209 = FACE_BOUND ( 'NONE', #1744, .T. ) ;
#210 = DIRECTION ( 'NONE',  ( 1.000000000000000000, 0.000000000000000000, 0.000000000000000000 ) ) ;
#211 = CARTESIAN_POINT ( 'NONE',  ( -1042.190640656048799, 1878.060885606849070, 17.24854950457132929 ) ) ;
#212 = VECTOR ( 'NONE', #1524, 1000.000000000000000 ) ;
#213 = CARTESIAN_POINT ( 'NONE',  ( -1049.834147604653026, 1780.707324233460213, 19.84558074236921854 ) ) ;
#214 = CIRCLE ( 'NONE', #59, 4.250000000000087041 ) ;
#215 = VERTEX_POINT ( 'NONE', #460 ) ;
#216 = CIRCLE ( 'NONE', #569, 9.500000000000063949 ) ;
#217 = AXIS2_PLACEMENT_3D ( 'NONE', #363, #497, #801 ) ;
#218 = DIRECTION ( 'NONE',  ( 0.1268862567038999412, -0.9919172736975961913, 0.000000000000000000 ) ) ;
#219 = AXIS2_PLACEMENT_3D ( 'NONE', #1170, #1043, #134 ) ;
#220 = CYLINDRICAL_SURFACE ( 'NONE', #384, 4.250000000000087041 ) ;
#221 = AXIS2_PLACEMENT_3D ( 'NONE', #715, #1293, #1877 ) ;
#222 = ORIENTED_EDGE ( 'NONE', *, *, #1837, .T. ) ;
#223 = CARTESIAN_POINT ( 'NONE',  ( -1019.745302160805409, 1771.795966014138912, 19.84592832657165218 ) ) ;
#224 = CARTESIAN_POINT ( 'NONE',  ( -1033.849012508638907, 1736.568721023926400, 17.00000000000000000 ) ) ;
#225 = CARTESIAN_POINT ( 'NONE',  ( -1050.413777576121674, 1814.258866816416457, 5.000000000000000000 ) ) ;
#226 = LINE ( 'NONE', #1551, #998 ) ;
#227 = ORIENTED_EDGE ( 'NONE', *, *, #85, .F. ) ;
#228 = EDGE_CURVE ( 'NONE', #1375, #678, #772, .T. ) ;
#229 = ORIENTED_EDGE ( 'NONE', *, *, #494, .T. ) ;
#230 = CARTESIAN_POINT ( 'NONE',  ( -1031.409845274126383, 1762.567304364378288, 20.00000000000000000 ) ) ;
#231 = EDGE_CURVE ( 'NONE', #234, #1724, #1346, .T. ) ;
#232 = ADVANCED_FACE ( 'NONE', ( #1468 ), #1792, .F. ) ;
#233 = CARTESIAN_POINT ( 'NONE',  ( -1042.442233333428021, 1878.269230687612435, 17.50043663311072706 ) ) ;
#234 = VERTEX_POINT ( 'NONE', #318 ) ;
#235 = EDGE_LOOP ( 'NONE', ( #1386, #743, #1547, #1579 ) ) ;
#236 = DIRECTION ( 'NONE',  ( -1.000000000000000000, 0.000000000000000000, 0.000000000000000000 ) ) ;
#237 = EDGE_LOOP ( 'NONE', ( #1616, #622 ) ) ;
#238 = CYLINDRICAL_SURFACE ( 'NONE', #937, 4.250000000000087041 ) ;
#239 = DIRECTION ( 'NONE',  ( -1.000000000000000000, 0.000000000000000000, -0.000000000000000000 ) ) ;
#240 = DIRECTION ( 'NONE',  ( 1.000000000000000000, 0.000000000000000000, 0.000000000000000000 ) ) ;
#241 = DIRECTION ( 'NONE',  ( -0.000000000000000000, -0.000000000000000000, -1.000000000000000000 ) ) ;
#242 = EDGE_LOOP ( 'NONE', ( #1193, #48, #1118, #132 ) ) ;
#243 = ORIENTED_EDGE ( 'NONE', *, *, #737, .F. ) ;
#244 = FACE_OUTER_BOUND ( 'NONE', #1035, .T. ) ;
#245 = CIRCLE ( 'NONE', #1234, 31.52649575465660092 ) ;
#246 = ORIENTED_EDGE ( 'NONE', *, *, #1040, .F. ) ;
#247 = AXIS2_PLACEMENT_3D ( 'NONE', #1315, #422, #870 ) ;
#248 = CARTESIAN_POINT ( 'NONE',  ( -1082.295020342014368, 1855.310320854187012, 17.50000000000000000 ) ) ;
#249 = VECTOR ( 'NONE', #802, 1000.000000000000000 ) ;
#250 = VECTOR ( 'NONE', #1075, 1000.000000000000000 ) ;
#251 = CARTESIAN_POINT ( 'NONE',  ( -1036.219825267791748, 1860.077559947967757, 20.00000000000000000 ) ) ;
#252 = EDGE_CURVE ( 'NONE', #594, #964, #1495, .T. ) ;
#253 = ORIENTED_EDGE ( 'NONE', *, *, #124, .F. ) ;
#254 = ORIENTED_EDGE ( 'NONE', *, *, #1708, .F. ) ;
#255 = CARTESIAN_POINT ( 'NONE',  ( -1085.924863780605619, 1766.551015240923334, 5.000000000000000888 ) ) ;
#256 = SURFACE_STYLE_USAGE ( .BOTH. , #1415 ) ;
#257 = EDGE_LOOP ( 'NONE', ( #1788, #1856, #1012, #1465 ) ) ;
#258 = DIRECTION ( 'NONE',  ( -1.000000000000000000, 0.000000000000000000, 0.000000000000000000 ) ) ;
#259 = FACE_OUTER_BOUND ( 'NONE', #637, .T. ) ;
#260 = CARTESIAN_POINT ( 'NONE',  ( -1199.520107816890004, 1809.146131358044840, 10.00000000000000000 ) ) ;
#261 = DIRECTION ( 'NONE',  ( -0.000000000000000000, -0.000000000000000000, -1.000000000000000000 ) ) ;
#262 = CARTESIAN_POINT ( 'NONE',  ( -1073.083024767848656, 1772.191941738128207, 17.50000000000000000 ) ) ;
#263 = LINE ( 'NONE', #900, #287 ) ;
#264 = VERTEX_POINT ( 'NONE', #1799 ) ;
#265 = EDGE_LOOP ( 'NONE', ( #1536, #1451, #1880, #1886, #1054, #1255, #883, #1522, #1163, #841, #1424, #71, #1354 ) ) ;
#266 = DIRECTION ( 'NONE',  ( 1.000000000000000000, 0.000000000000000000, 0.000000000000000000 ) ) ;
#267 = EDGE_CURVE ( 'NONE', #1657, #1199, #1149, .T. ) ;
#268 = ORIENTED_EDGE ( 'NONE', *, *, #1652, .F. ) ;
#269 = PRODUCT_CONTEXT ( 'NONE', #1338, 'mechanical' ) ;
#270 = DIRECTION ( 'NONE',  ( -0.000000000000000000, -0.000000000000000000, -1.000000000000000000 ) ) ;
#271 = PLANE ( 'NONE',  #93 ) ;
#272 = CARTESIAN_POINT ( 'NONE',  ( -1072.795020342014141, 1855.310320854187012, 17.50000000000000000 ) ) ;
#273 = PRODUCT_DEFINITION ( 'UNKNOWN', '', #633, #1082 ) ;
#274 = CYLINDRICAL_SURFACE ( 'NONE', #1897, 4.250000000000087041 ) ;
#275 = DIRECTION ( 'NONE',  ( -0.000000000000000000, -0.000000000000000000, -1.000000000000000000 ) ) ;
#276 = VERTEX_POINT ( 'NONE', #1024 ) ;
#277 = VERTEX_POINT ( 'NONE', #102 ) ;
#278 = EDGE_LOOP ( 'NONE', ( #650, #222 ) ) ;
#279 = AXIS2_PLACEMENT_3D ( 'NONE', #66, #502, #647 ) ;
#280 = CARTESIAN_POINT ( 'NONE',  ( -1029.237257598220822, 1783.696164657289273, 18.33056371222471981 ) ) ;
#281 = SURFACE_STYLE_USAGE ( .BOTH. , #861 ) ;
#282 = CARTESIAN_POINT ( 'NONE',  ( -1045.556260321662876, 1879.305732692979518, 5.000000000000000888 ) ) ;
#283 = CARTESIAN_POINT ( 'NONE',  ( -1072.795020342014141, 1855.310320854187012, 17.50000000000000000 ) ) ;
#284 = VECTOR ( 'NONE', #795, 1000.000000000000000 ) ;
#285 = CIRCLE ( 'NONE', #1603, 9.094529076412838364 ) ;
#286 = AXIS2_PLACEMENT_3D ( 'NONE', #583, #1750, #239 ) ;
#287 = VECTOR ( 'NONE', #1884, 999.9999999999998863 ) ;
#288 = EDGE_CURVE ( 'NONE', #709, #34, #1286, .T. ) ;
#289 = AXIS2_PLACEMENT_3D ( 'NONE', #626, #1213, #521 ) ;
#290 = MECHANICAL_DESIGN_GEOMETRIC_PRESENTATION_REPRESENTATION (  '', ( #572 ), #1782 ) ;
#291 = CARTESIAN_POINT ( 'NONE',  ( -1022.660393616291685, 1865.361131938153449, 10.00000000000000000 ) ) ;
#292 = ORIENTED_EDGE ( 'NONE', *, *, #793, .F. ) ;
#293 = ORIENTED_EDGE ( 'NONE', *, *, #1276, .T. ) ;
#294 = EDGE_CURVE ( 'NONE', #1320, #1819, #33, .T. ) ;
#295 = DIRECTION ( 'NONE',  ( 0.003979742046659340109, 0.9999920807952642487, 0.000000000000000000 ) ) ;
#296 = CARTESIAN_POINT ( 'NONE',  ( -1017.713448278113788, 1771.919483044095614, 17.00000000000000000 ) ) ;
#297 = ADVANCED_FACE ( 'NONE', ( #839 ), #1412, .F. ) ;
#298 = CARTESIAN_POINT ( 'NONE',  ( -1035.915745780796215, 1849.928419445237523, 18.50513367029552825 ) ) ;
#299 = ADVANCED_FACE ( 'NONE', ( #552 ), #1405, .T. ) ;
#300 = CYLINDRICAL_SURFACE ( 'NONE', #891, 3.000000000000087041 ) ;
#301 = ORIENTED_EDGE ( 'NONE', *, *, #1483, .T. ) ;
#302 = ORIENTED_EDGE ( 'NONE', *, *, #1015, .F. ) ;
#303 = CARTESIAN_POINT ( 'NONE',  ( -1040.495946957623573, 1860.051619371335619, 17.00000000000000000 ) ) ;
#304 = EDGE_LOOP ( 'NONE', ( #1428, #333, #54, #253, #339 ) ) ;
#305 = CARTESIAN_POINT ( 'NONE',  ( -1029.807977354526884, 1771.919483044096069, 17.00000000000000000 ) ) ;
#306 = DIRECTION ( 'NONE',  ( 0.000000000000000000, 0.000000000000000000, 1.000000000000000000 ) ) ;
#307 = CARTESIAN_POINT ( 'NONE',  ( -1036.703762753639694, 1852.215760845056366, 19.99515764498256942 ) ) ;
#308 = DIRECTION ( 'NONE',  ( 0.000000000000000000, 0.000000000000000000, 1.000000000000000000 ) ) ;
#309 = CARTESIAN_POINT ( 'NONE',  ( -1050.413777576121447, 1814.258866816416685, 10.00000000000000000 ) ) ;
#310 = ORIENTED_EDGE ( 'NONE', *, *, #1596, .T. ) ;
#311 = DIRECTION ( 'NONE',  ( 0.000000000000000000, 0.000000000000000000, 1.000000000000000000 ) ) ;
#312 = DIRECTION ( 'NONE',  ( 0.9744490363056798055, 0.2246087167563449449, 0.000000000000000000 ) ) ;
#313 = ORIENTED_EDGE ( 'NONE', *, *, #494, .F. ) ;
#314 = CARTESIAN_POINT ( 'NONE',  ( -1029.232654767243048, 1782.830672691462723, 19.38397067517981398 ) ) ;
#315 = DIRECTION ( 'NONE',  ( 1.000000000000000000, 0.000000000000000000, 0.000000000000000000 ) ) ;
#316 = AXIS2_PLACEMENT_3D ( 'NONE', #666, #1085, #1245 ) ;
#317 = CARTESIAN_POINT ( 'NONE',  ( -1036.116655348291715, 1850.520541160502489, 19.26192161045569406 ) ) ;
#318 = CARTESIAN_POINT ( 'NONE',  ( -1020.715181605148700, 1771.741931412691429, 20.00000000000000000 ) ) ;
#319 = CIRCLE ( 'NONE', #972, 9.500000000000063949 ) ;
#320 = AXIS2_PLACEMENT_3D ( 'NONE', #1041, #1604, #1742 ) ;
#321 = B_SPLINE_CURVE_WITH_KNOTS ( 'NONE', 3,
 ( #1672, #379, #944, #1103, #659, #507, #39, #1826, #77, #233, #211, #1363 ),
 .UNSPECIFIED., .F., .F.,
 ( 4, 2, 2, 2, 2, 4 ),
 ( 0.000000000000000000, 0.001217638762149395948, 0.001826458143224041989, 0.002435277524298688247, 0.003652916286448495108, 0.004870555048598301968 ),
 .UNSPECIFIED. ) ;
#322 = CIRCLE ( 'NONE', #219, 4.250000000000087041 ) ;
#323 = AXIS2_PLACEMENT_3D ( 'NONE', #1120, #1703, #1831 ) ;
#324 = EDGE_LOOP ( 'NONE', ( #1506, #736 ) ) ;
#325 = EDGE_CURVE ( 'NONE', #1515, #447, #908, .T. ) ;
#326 = CARTESIAN_POINT ( 'NONE',  ( -1034.467580139172014, 1866.056232241725866, 17.00000000000000000 ) ) ;
#327 = ORIENTED_EDGE ( 'NONE', *, *, #1607, .T. ) ;
#328 = EDGE_CURVE ( 'NONE', #1409, #108, #1572, .T. ) ;
#329 = CARTESIAN_POINT ( 'NONE',  ( -1029.754039774049488, 1771.915137767791975, 20.00000000000000000 ) ) ;
#330 = DIRECTION ( 'NONE',  ( -0.000000000000000000, -0.000000000000000000, -1.000000000000000000 ) ) ;
#331 = ADVANCED_FACE ( 'NONE', ( #730 ), #148, .F. ) ;
#332 = ADVANCED_FACE ( 'NONE', ( #1318 ), #418, .T. ) ;
#333 = ORIENTED_EDGE ( 'NONE', *, *, #769, .T. ) ;
#334 = CARTESIAN_POINT ( 'NONE',  ( -1036.219825267791748, 1860.077559947967757, 20.00000000000000000 ) ) ;
#335 = ORIENTED_EDGE ( 'NONE', *, *, #793, .T. ) ;
#336 = FACE_OUTER_BOUND ( 'NONE', #304, .T. ) ;
#337 = DIRECTION ( 'NONE',  ( 0.000000000000000000, 0.000000000000000000, -1.000000000000000000 ) ) ;
#338 = DIRECTION ( 'NONE',  ( 1.000000000000000000, 0.000000000000000000, 0.000000000000000000 ) ) ;
#339 = ORIENTED_EDGE ( 'NONE', *, *, #751, .F. ) ;
#340 = DIRECTION ( 'NONE',  ( 0.000000000000000000, 0.000000000000000000, -1.000000000000000000 ) ) ;
#341 = ORIENTED_EDGE ( 'NONE', *, *, #360, .F. ) ;
#342 = LINE ( 'NONE', #493, #1610 ) ;
#343 = CARTESIAN_POINT ( 'NONE',  ( -1036.769647770781148, 1852.402352962639952, 20.00000000000000000 ) ) ;
#344 = DIRECTION ( 'NONE',  ( -0.000000000000000000, -0.000000000000000000, 1.000000000000000000 ) ) ;
#345 = EDGE_CURVE ( 'NONE', #401, #1626, #1462, .T. ) ;
#346 = CARTESIAN_POINT ( 'NONE',  ( -1068.545020342014141, 1855.310320854187012, 17.50000000000000000 ) ) ;
#347 = EDGE_CURVE ( 'NONE', #167, #1090, #894, .T. ) ;
#348 = VECTOR ( 'NONE', #948, 1000.000000000000000 ) ;
#349 = CIRCLE ( 'NONE', #1419, 8.508618114656751885 ) ;
#350 = LINE ( 'NONE', #46, #1508 ) ;
#351 = CARTESIAN_POINT ( 'NONE',  ( -1052.799315733469257, 1848.505374165946705, 19.99513934404302873 ) ) ;
#352 = CARTESIAN_POINT ( 'NONE',  ( -1049.848255998903596, 1781.067810255360200, 19.69584347303166183 ) ) ;
#353 = VECTOR ( 'NONE', #882, 1000.000000000000000 ) ;
#354 = B_SPLINE_CURVE_WITH_KNOTS ( 'NONE', 3,
 ( #975, #1385, #1089, #1373, #840, #1804, #1068, #51, #1780, #1648, #1827, #1079, #953, #516, #933, #1364, #1223, #351, #193, #1229 ),
 .UNSPECIFIED., .F., .F.,
 ( 4, 2, 2, 2, 2, 2, 2, 2, 2, 4 ),
 ( 0.000000000000000000, 0.0005867517090465577349, 0.001173503418093115470, 0.001760255127139673421, 0.002347006836186230939, 0.002933758545232788457, 0.003520510254279346843, 0.004107261963325904361, 0.004400637817848815359, 0.004694013672371726356 ),
 .UNSPECIFIED. ) ;
#355 = ORIENTED_EDGE ( 'NONE', *, *, #851, .T. ) ;
#356 = ORIENTED_EDGE ( 'NONE', *, *, #1306, .T. ) ;
#357 = CARTESIAN_POINT ( 'NONE',  ( -1017.713448278113788, 1771.919483044095614, 17.00000000000000000 ) ) ;
#358 = CARTESIAN_POINT ( 'NONE',  ( -1072.795020342014141, 1855.310320854187012, 17.50000000000000000 ) ) ;
#359 = CARTESIAN_POINT ( 'NONE',  ( -1029.807977354527111, 1771.919483044095614, 20.00000000000000000 ) ) ;
#360 = EDGE_CURVE ( 'NONE', #1819, #978, #263, .T. ) ;
#361 = EDGE_CURVE ( 'NONE', #1409, #215, #1751, .T. ) ;
#362 = ADVANCED_FACE ( 'NONE', ( #593 ), #536, .T. ) ;
#363 = CARTESIAN_POINT ( 'NONE',  ( -1072.795020342014141, 1855.310320854187012, 5.000000000000000888 ) ) ;
#364 = FACE_OUTER_BOUND ( 'NONE', #1545, .T. ) ;
#365 = EDGE_LOOP ( 'NONE', ( #1567, #153 ) ) ;
#366 = DIRECTION ( 'NONE',  ( 0.9995583322655097192, 0.02971767821672425397, 0.000000000000000000 ) ) ;
#367 = ORIENTED_EDGE ( 'NONE', *, *, #1582, .T. ) ;
#368 = CARTESIAN_POINT ( 'NONE',  ( -1085.924863780605619, 1766.551015240923334, 20.00000000000000000 ) ) ;
#369 = DIRECTION ( 'NONE',  ( 0.000000000000000000, 0.000000000000000000, 1.000000000000000000 ) ) ;
#370 = CARTESIAN_POINT ( 'NONE',  ( -1074.229675476499324, 1878.453248853427567, 5.000000000000000888 ) ) ;
#371 = DIRECTION ( 'NONE',  ( -1.000000000000000000, 0.000000000000000000, 0.000000000000000000 ) ) ;
#372 = ORIENTED_EDGE ( 'NONE', *, *, #689, .F. ) ;
#373 = CARTESIAN_POINT ( 'NONE',  ( -1073.083024767848656, 1772.191941738128207, 20.00000000000000000 ) ) ;
#374 = PLANE ( 'NONE',  #120 ) ;
#375 = VERTEX_POINT ( 'NONE', #561 ) ;
#376 = CARTESIAN_POINT ( 'NONE',  ( -1019.210171936304505, 1771.827257849961597, 19.60342613007207291 ) ) ;
#377 = LINE ( 'NONE', #200, #1809 ) ;
#378 = DIRECTION ( 'NONE',  ( -1.000000000000000000, 0.000000000000000000, 0.000000000000000000 ) ) ;
#379 = CARTESIAN_POINT ( 'NONE',  ( -1045.272986115142430, 1879.314154664409671, 19.49163975147518002 ) ) ;
#380 = AXIS2_PLACEMENT_3D ( 'NONE', #914, #20, #1165 ) ;
#381 = DIRECTION ( 'NONE',  ( 0.000000000000000000, 0.000000000000000000, 1.000000000000000000 ) ) ;
#382 = VECTOR ( 'NONE', #459, 1000.000000000000000 ) ;
#383 = ORIENTED_EDGE ( 'NONE', *, *, #1577, .T. ) ;
#384 = AXIS2_PLACEMENT_3D ( 'NONE', #680, #828, #1107 ) ;
#385 = VECTOR ( 'NONE', #741, 1000.000000000000000 ) ;
#386 = CARTESIAN_POINT ( 'NONE',  ( -1049.912978181443350, 1782.736348919924239, 5.000000000000000888 ) ) ;
#387 = EDGE_CURVE ( 'NONE', #34, #912, #3, .T. ) ;
#388 = AXIS2_PLACEMENT_3D ( 'NONE', #1820, #35, #1650 ) ;
#389 = EDGE_CURVE ( 'NONE', #1829, #544, #452, .T. ) ;
#390 = ORIENTED_EDGE ( 'NONE', *, *, #1289, .F. ) ;
#391 = CARTESIAN_POINT ( 'NONE',  ( -1041.720731343589932, 1859.302788458180203, 5.000000000000000000 ) ) ;
#392 = DIRECTION ( 'NONE',  ( -1.000000000000000000, 0.000000000000000000, 0.000000000000000000 ) ) ;
#393 = ADVANCED_FACE ( 'NONE', ( #1760 ), #300, .T. ) ;
#394 = CARTESIAN_POINT ( 'NONE',  ( -1076.210498809814453, 1757.184267044067383, 20.00000000000000000 ) ) ;
#395 = VERTEX_POINT ( 'NONE', #4 ) ;
#396 = CARTESIAN_POINT ( 'NONE',  ( -1035.788297653198242, 1849.549889564514160, 10.00000000000000000 ) ) ;
#397 = SHAPE_DEFINITION_REPRESENTATION ( #1180, #1280 ) ;
#398 = PLANE ( 'NONE',  #566 ) ;
#399 = DIRECTION ( 'NONE',  ( -1.000000000000000000, 0.000000000000000000, 0.000000000000000000 ) ) ;
#400 = CARTESIAN_POINT ( 'NONE',  ( -1029.807977354526884, 1771.919483044096069, 17.00000000000000000 ) ) ;
#401 = VERTEX_POINT ( 'NONE', #604 ) ;
#402 = ORIENTED_EDGE ( 'NONE', *, *, #1144, .T. ) ;
#403 =( NAMED_UNIT ( * ) PLANE_ANGLE_UNIT ( ) SI_UNIT ( $, .RADIAN. ) );
#404 = CARTESIAN_POINT ( 'NONE',  ( -1018.102895068833959, 1774.963934105511953, 10.00000000000000000 ) ) ;
#405 = EDGE_LOOP ( 'NONE', ( #268, #1770 ) ) ;
#406 = CYLINDRICAL_SURFACE ( 'NONE', #1355, 4.250000000000087041 ) ;
#407 = CARTESIAN_POINT ( 'NONE',  ( -1029.229771480191403, 1780.995613116357390, 20.00000000000000000 ) ) ;
#408 = ADVANCED_FACE ( 'NONE', ( #1191 ), #114, .F. ) ;
#409 = CARTESIAN_POINT ( 'NONE',  ( -1029.239296913146973, 1784.000635147094727, 5.000000000000000000 ) ) ;
#410 = EDGE_CURVE ( 'NONE', #1388, #527, #6, .T. ) ;
#411 = ORIENTED_EDGE ( 'NONE', *, *, #1598, .F. ) ;
#412 = EDGE_LOOP ( 'NONE', ( #681, #664, #588, #1216 ) ) ;
#413 = LINE ( 'NONE', #255, #601 ) ;
#414 = AXIS2_PLACEMENT_3D ( 'NONE', #1237, #344, #514 ) ;
#415 = CARTESIAN_POINT ( 'NONE',  ( -1044.719825267791748, 1860.077559947967757, 20.00000000000000000 ) ) ;
#416 = VERTEX_POINT ( 'NONE', #131 ) ;
#417 = CIRCLE ( 'NONE', #657, 185.5787832629014531 ) ;
#418 = TOROIDAL_SURFACE ( 'NONE', #821, 34.52649575465665777, 3.000000000000000000 ) ;
#419 = DIRECTION ( 'NONE',  ( 0.000000000000000000, 0.000000000000000000, -1.000000000000000000 ) ) ;
#420 = AXIS2_PLACEMENT_3D ( 'NONE', #1504, #40, #191 ) ;
#421 = VECTOR ( 'NONE', #646, 1000.000000000000000 ) ;
#422 = DIRECTION ( 'NONE',  ( 0.000000000000000000, 0.000000000000000000, 1.000000000000000000 ) ) ;
#423 = DIRECTION ( 'NONE',  ( -1.000000000000000000, 0.000000000000000000, 0.000000000000000000 ) ) ;
#424 = ADVANCED_FACE ( 'NONE', ( #1010 ), #1583, .F. ) ;
#425 = EDGE_CURVE ( 'NONE', #1719, #1724, #1805, .T. ) ;
#426 = DIRECTION ( 'NONE',  ( -0.000000000000000000, -0.000000000000000000, 1.000000000000000000 ) ) ;
#427 = ORIENTED_EDGE ( 'NONE', *, *, #612, .F. ) ;
#428 = ORIENTED_EDGE ( 'NONE', *, *, #773, .F. ) ;
#429 = CARTESIAN_POINT ( 'NONE',  ( -1029.239296913146973, 1784.000635147094727, 10.00000000000000000 ) ) ;
#430 = VERTEX_POINT ( 'NONE', #1631 ) ;
#431 = CARTESIAN_POINT ( 'NONE',  ( -1030.995946957623573, 1860.051619371335619, 5.000000000000000888 ) ) ;
#432 = FACE_OUTER_BOUND ( 'NONE', #510, .T. ) ;
#433 = CARTESIAN_POINT ( 'NONE',  ( -1033.849012508638907, 1736.568721023926400, 20.00000000000000000 ) ) ;
#434 = DIRECTION ( 'NONE',  ( 1.000000000000000000, 0.000000000000000000, 0.000000000000000000 ) ) ;
#435 = ORIENTED_EDGE ( 'NONE', *, *, #1456, .F. ) ;
#436 = EDGE_LOOP ( 'NONE', ( #1171, #292, #1814, #367 ) ) ;
#437 = CARTESIAN_POINT ( 'NONE',  ( -1017.713448278114015, 1771.919483044095614, 17.19832195597243896 ) ) ;
#438 = VERTEX_POINT ( 'NONE', #1765 ) ;
#439 = DIRECTION ( 'NONE',  ( -0.000000000000000000, -0.000000000000000000, -1.000000000000000000 ) ) ;
#440 = DIRECTION ( 'NONE',  ( 1.000000000000000000, 0.000000000000000000, 0.000000000000000000 ) ) ;
#441 = CARTESIAN_POINT ( 'NONE',  ( -1029.754039774049488, 1771.915137767791975, 20.00000000000000000 ) ) ;
#442 = CARTESIAN_POINT ( 'NONE',  ( -1081.940273330778382, 1814.258866816416457, 20.00000000000000000 ) ) ;
#443 = EDGE_CURVE ( 'NONE', #1001, #1356, #817, .T. ) ;
#444 = ORIENTED_EDGE ( 'NONE', *, *, #85, .T. ) ;
#445 = ORIENTED_EDGE ( 'NONE', *, *, #1708, .T. ) ;
#446 = CARTESIAN_POINT ( 'NONE',  ( -1083.447098206458577, 1868.995441141963056, 5.000000000000000888 ) ) ;
#447 = VERTEX_POINT ( 'NONE', #1641 ) ;
#448 = VECTOR ( 'NONE', #1517, 1000.000000000000000 ) ;
#449 = CARTESIAN_POINT ( 'NONE',  ( -1030.995946957623573, 1860.051619371335619, 17.50000000000000000 ) ) ;
#450 = EDGE_CURVE ( 'NONE', #1001, #1719, #1813, .T. ) ;
#451 = AXIS2_PLACEMENT_3D ( 'NONE', #1500, #306, #180 ) ;
#452 = CIRCLE ( 'NONE', #320, 12.09452907641295205 ) ;
#453 = B_SPLINE_CURVE_WITH_KNOTS ( 'NONE', 3,
 ( #1201, #905, #172, #1039, #1474, #1352, #1335, #13, #625, #757, #1790, #1613, #610, #486, #1195, #1772, #1069, #1056, #1651, #928 ),
 .UNSPECIFIED., .F., .F.,
 ( 4, 2, 2, 2, 2, 2, 2, 2, 2, 4 ),
 ( 0.000000000000000000, 0.0004542260702288206001, 0.0009084521404576412001, 0.001362678210686461746, 0.001816904280915282400, 0.002725356421372916987, 0.003633808561830552657, 0.004542260702288187027, 0.005450712842745821830, 0.007267617123661088835 ),
 .UNSPECIFIED. ) ;
#454 = CARTESIAN_POINT ( 'NONE',  ( -1035.886060581143511, 1849.840421149339818, 18.33270491373787792 ) ) ;
#455 = DIRECTION ( 'NONE',  ( 0.000000000000000000, 0.000000000000000000, 1.000000000000000000 ) ) ;
#456 = CYLINDRICAL_SURFACE ( 'NONE', #688, 31.52649575465660092 ) ;
#457 = ORIENTED_EDGE ( 'NONE', *, *, #1596, .F. ) ;
#458 = CARTESIAN_POINT ( 'NONE',  ( -1029.238238316524303, 1783.847004024271882, 17.96725910816460114 ) ) ;
#459 = DIRECTION ( 'NONE',  ( -0.000000000000000000, -0.000000000000000000, -1.000000000000000000 ) ) ;
#460 = CARTESIAN_POINT ( 'NONE',  ( -1081.940273330778382, 1814.258866816416457, 5.000000000000000000 ) ) ;
#461 = APPLICATION_CONTEXT ( 'automotive_design' ) ;
#462 = CARTESIAN_POINT ( 'NONE',  ( -1199.520107816890004, 1809.146131358044840, 10.00000000000000000 ) ) ;
#463 = VERTEX_POINT ( 'NONE', #904 ) ;
#464 = CARTESIAN_POINT ( 'NONE',  ( -1086.551070213317871, 1812.030673027038574, 20.00000000000000000 ) ) ;
#465 = ORIENTED_EDGE ( 'NONE', *, *, #231, .T. ) ;
#466 = CARTESIAN_POINT ( 'NONE',  ( -1029.229724428724012, 1781.777749142828952, 19.90336387888462610 ) ) ;
#467 = EDGE_CURVE ( 'NONE', #395, #1649, #1875, .T. ) ;
#468 = CARTESIAN_POINT ( 'NONE',  ( -1018.492867832444517, 1774.888395513129581, 18.50324294987484564 ) ) ;
#469 = CYLINDRICAL_SURFACE ( 'NONE', #533, 3.000000000000061728 ) ;
#470 = EDGE_CURVE ( 'NONE', #1515, #401, #1117, .T. ) ;
#471 = VERTEX_POINT ( 'NONE', #1055 ) ;
#472 = ORIENTED_EDGE ( 'NONE', *, *, #360, .T. ) ;
#473 = CARTESIAN_POINT ( 'NONE',  ( -1029.235399500508038, 1783.385824571065996, 18.82892467196863251 ) ) ;
#474 = EDGE_CURVE ( 'NONE', #276, #1657, #1333, .T. ) ;
#475 = AXIS2_PLACEMENT_3D ( 'NONE', #73, #710, #1722 ) ;
#476 = CIRCLE ( 'NONE', #1537, 26.50658233326663549 ) ;
#477 = CARTESIAN_POINT ( 'NONE',  ( -1036.026986519673756, 1850.256993654781581, 18.98560514238464236 ) ) ;
#478 = AXIS2_PLACEMENT_3D ( 'NONE', #283, #707, #423 ) ;
#479 = CIRCLE ( 'NONE', #1762, 2.999999999999999112 ) ;
#480 = AXIS2_PLACEMENT_3D ( 'NONE', #1371, #1520, #202 ) ;
#481 = AXIS2_PLACEMENT_3D ( 'NONE', #965, #1351, #485 ) ;
#482 = ADVANCED_FACE ( 'NONE', ( #581 ), #1888, .T. ) ;
#483 = CARTESIAN_POINT ( 'NONE',  ( -928.4727401059569729, 1806.253412200929461, 20.00000000000000000 ) ) ;
#484 = ORIENTED_EDGE ( 'NONE', *, *, #1011, .F. ) ;
#485 = DIRECTION ( 'NONE',  ( -1.000000000000000000, 0.000000000000000000, 0.000000000000000000 ) ) ;
#486 = CARTESIAN_POINT ( 'NONE',  ( -1046.492478230079996, 1757.857899612924257, 19.44488023177118663 ) ) ;
#487 = DIRECTION ( 'NONE',  ( -0.000000000000000000, -0.000000000000000000, -1.000000000000000000 ) ) ;
#488 = CARTESIAN_POINT ( 'NONE',  ( -1045.655290077765585, 1879.302788458180430, 19.64172840016436794 ) ) ;
#489 = CARTESIAN_POINT ( 'NONE',  ( -1072.795020342014141, 1855.310320854187012, 17.50000000000000000 ) ) ;
#490 = DIRECTION ( 'NONE',  ( 0.7057095276197172806, -0.7085012791990961123, 0.000000000000000000 ) ) ;
#491 = EDGE_LOOP ( 'NONE', ( #119, #796, #621, #1265 ) ) ;
#492 = VERTEX_POINT ( 'NONE', #1749 ) ;
#493 = CARTESIAN_POINT ( 'NONE',  ( -1035.788297653198242, 1849.549889564514160, 17.00000000000000000 ) ) ;
#494 = EDGE_CURVE ( 'NONE', #1463, #1618, #1756, .T. ) ;
#495 = CYLINDRICAL_SURFACE ( 'NONE', #913, 9.500000000000063949 ) ;
#496 = PLANE ( 'NONE',  #316 ) ;
#497 = DIRECTION ( 'NONE',  ( 0.000000000000000000, 0.000000000000000000, 1.000000000000000000 ) ) ;
#498 = CARTESIAN_POINT ( 'NONE',  ( -1049.867823784957409, 1781.569654321317557, 19.38327108764626772 ) ) ;
#499 = EDGE_CURVE ( 'NONE', #1092, #746, #1064, .T. ) ;
#500 = ORIENTED_EDGE ( 'NONE', *, *, #1893, .F. ) ;
#501 = CYLINDRICAL_SURFACE ( 'NONE', #1731, 12.09452907641317410 ) ;
#502 = DIRECTION ( 'NONE',  ( 0.000000000000000000, 0.000000000000000000, 1.000000000000000000 ) ) ;
#503 = ADVANCED_FACE ( 'NONE', ( #1027, #1597, #1466, #797, #1225 ), #518, .T. ) ;
#504 = VECTOR ( 'NONE', #816, 1000.000000000000114 ) ;
#505 = AXIS2_PLACEMENT_3D ( 'NONE', #1645, #1050, #1496 ) ;
#506 = VECTOR ( 'NONE', #275, 1000.000000000000000 ) ;
#507 = CARTESIAN_POINT ( 'NONE',  ( -1043.889894268903618, 1879.039491437122933, 18.68370562083008579 ) ) ;
#508 = VECTOR ( 'NONE', #808, 1000.000000000000000 ) ;
#509 = CIRCLE ( 'NONE', #475, 12.09452907641317410 ) ;
#510 = EDGE_LOOP ( 'NONE', ( #1553, #1129, #197, #696 ) ) ;
#511 = CARTESIAN_POINT ( 'NONE',  ( -1043.678045272827148, 1757.921695709228516, 17.00000000000000000 ) ) ;
#512 = ORIENTED_EDGE ( 'NONE', *, *, #467, .T. ) ;
#513 = CARTESIAN_POINT ( 'NONE',  ( -1029.239296913146973, 1784.000635147094727, 17.00000000000000000 ) ) ;
#514 = DIRECTION ( 'NONE',  ( -1.000000000000000000, 0.000000000000000000, 0.000000000000000000 ) ) ;
#515 = DIRECTION ( 'NONE',  ( 0.000000000000000000, 0.000000000000000000, -1.000000000000000000 ) ) ;
#516 = CARTESIAN_POINT ( 'NONE',  ( -1052.685449142356219, 1847.739606319410541, 19.84596398184575960 ) ) ;
#517 = VERTEX_POINT ( 'NONE', #1099 ) ;
#518 = PLANE ( 'NONE',  #858 ) ;
#519 = EDGE_LOOP ( 'NONE', ( #1857, #1301, #1296, #1123 ) ) ;
#520 = CARTESIAN_POINT ( 'NONE',  ( -1077.122025793926696, 1778.066791842041539, 20.00000000000000000 ) ) ;
#521 = DIRECTION ( 'NONE',  ( -1.000000000000000000, 0.000000000000000000, 0.000000000000000000 ) ) ;
#522 = DIRECTION ( 'NONE',  ( -1.000000000000000000, 0.000000000000000000, 0.000000000000000000 ) ) ;
#523 = CARTESIAN_POINT ( 'NONE',  ( -1017.713448278113788, 1771.919483044095614, 10.00000000000000000 ) ) ;
#524 = ADVANCED_FACE ( 'NONE', ( #336 ), #374, .F. ) ;
#525 = EDGE_CURVE ( 'NONE', #1719, #1432, #62, .T. ) ;
#526 = EDGE_LOOP ( 'NONE', ( #254, #562, #103, #1366, #1414, #784 ) ) ;
#527 = VERTEX_POINT ( 'NONE', #1674 ) ;
#528 = CARTESIAN_POINT ( 'NONE',  ( -1020.254039774049375, 1771.915137767791975, 5.000000000000000888 ) ) ;
#529 = DIRECTION ( 'NONE',  ( -0.000000000000000000, -0.000000000000000000, -1.000000000000000000 ) ) ;
#530 = DIRECTION ( 'NONE',  ( -1.000000000000000000, 0.000000000000000000, 0.000000000000000000 ) ) ;
#531 = DIRECTION ( 'NONE',  ( 0.9999052216963789652, 0.01376762958229700920, -0.000000000000000000 ) ) ;
#532 = AXIS2_PLACEMENT_3D ( 'NONE', #697, #1860, #1548 ) ;
#533 = AXIS2_PLACEMENT_3D ( 'NONE', #1477, #490, #1800 ) ;
#534 = EDGE_LOOP ( 'NONE', ( #1282, #1184, #990, #78, #1433 ) ) ;
#535 = CIRCLE ( 'NONE', #289, 9.500000000000063949 ) ;
#536 = TOROIDAL_SURFACE ( 'NONE', #1606, 8.508618114656643527, 3.000000000000000000 ) ;
#537 = DIRECTION ( 'NONE',  ( 0.000000000000000000, 0.000000000000000000, 1.000000000000000000 ) ) ;
#538 = STYLED_ITEM ( 'NONE', ( #868 ), #1280 ) ;
#539 = ORIENTED_EDGE ( 'NONE', *, *, #228, .T. ) ;
#540 = CARTESIAN_POINT ( 'NONE',  ( -1074.229675476499324, 1878.453248853427567, 5.000000000000000888 ) ) ;
#541 = DIRECTION ( 'NONE',  ( -1.000000000000000000, 0.000000000000000000, -0.000000000000000000 ) ) ;
#542 = CARTESIAN_POINT ( 'NONE',  ( -1083.573102951909959, 1837.334156034344687, 20.00000000000000000 ) ) ;
#543 = EDGE_LOOP ( 'NONE', ( #1164, #1580, #1248, #105 ) ) ;
#544 = VERTEX_POINT ( 'NONE', #198 ) ;
#545 = ORIENTED_EDGE ( 'NONE', *, *, #1423, .F. ) ;
#546 = CARTESIAN_POINT ( 'NONE',  ( -1031.743288040161133, 1759.980797767638933, 17.19814000141060006 ) ) ;
#547 = CARTESIAN_POINT ( 'NONE',  ( -1029.754039774049488, 1771.915137767791975, 20.00000000000000000 ) ) ;
#548 = EDGE_CURVE ( 'NONE', #662, #1515, #187, .T. ) ;
#549 = DIRECTION ( 'NONE',  ( 0.000000000000000000, 0.000000000000000000, -1.000000000000000000 ) ) ;
#550 = DIRECTION ( 'NONE',  ( -0.000000000000000000, -0.000000000000000000, -1.000000000000000000 ) ) ;
#551 = DIRECTION ( 'NONE',  ( -1.000000000000000000, 0.000000000000000000, 0.000000000000000000 ) ) ;
#552 = FACE_OUTER_BOUND ( 'NONE', #106, .T. ) ;
#553 = ORIENTED_EDGE ( 'NONE', *, *, #116, .T. ) ;
#554 = ORIENTED_EDGE ( 'NONE', *, *, #1461, .T. ) ;
#555 = ORIENTED_EDGE ( 'NONE', *, *, #499, .F. ) ;
#556 = EDGE_CURVE ( 'NONE', #1879, #1137, #1445, .T. ) ;
#557 = LINE ( 'NONE', #1141, #1031 ) ;
#558 = ADVANCED_FACE ( 'NONE', ( #24 ), #804, .T. ) ;
#559 = CARTESIAN_POINT ( 'NONE',  ( -1045.358113295597377, 1879.302788458180430, 20.00000000000000000 ) ) ;
#560 = DIRECTION ( 'NONE',  ( -0.000000000000000000, -0.000000000000000000, -1.000000000000000000 ) ) ;
#561 = CARTESIAN_POINT ( 'NONE',  ( -1076.210498809814453, 1757.184267044067610, 5.000000000000000888 ) ) ;
#562 = ORIENTED_EDGE ( 'NONE', *, *, #1688, .T. ) ;
#563 = ORIENTED_EDGE ( 'NONE', *, *, #328, .F. ) ;
#564 = DIRECTION ( 'NONE',  ( -1.000000000000000000, 0.000000000000000000, 0.000000000000000000 ) ) ;
#565 = PRESENTATION_STYLE_ASSIGNMENT (( #256 ) ) ;
#566 = AXIS2_PLACEMENT_3D ( 'NONE', #1017, #991, #997 ) ;
#567 = UNCERTAINTY_MEASURE_WITH_UNIT (LENGTH_MEASURE( 1.000000000000000082E-05 ), #1429, 'distance_accuracy_value', 'NONE');
#568 = ORIENTED_EDGE ( 'NONE', *, *, #1456, .T. ) ;
#569 = AXIS2_PLACEMENT_3D ( 'NONE', #1215, #1057, #1614 ) ;
#570 = CARTESIAN_POINT ( 'NONE',  ( -1041.964195290686348, 1877.833544434951364, 17.00000000000000000 ) ) ;
#571 = AXIS2_PLACEMENT_3D ( 'NONE', #373, #595, #1181 ) ;
#572 = STYLED_ITEM ( 'NONE', ( #565 ), #683 ) ;
#573 = DIRECTION ( 'NONE',  ( 0.000000000000000000, 0.000000000000000000, 1.000000000000000000 ) ) ;
#574 = PLANE ( 'NONE',  #286 ) ;
#575 = CARTESIAN_POINT ( 'NONE',  ( -1018.102895068833959, 1774.963934105512180, 17.00000000000000000 ) ) ;
#576 = EDGE_LOOP ( 'NONE', ( #545, #444, #428, #1584, #1745, #383 ) ) ;
#577 = ORIENTED_EDGE ( 'NONE', *, *, #1560, .T. ) ;
#578 = CARTESIAN_POINT ( 'NONE',  ( -1029.754039774049488, 1771.915137767791975, 17.50000000000000000 ) ) ;
#579 = CARTESIAN_POINT ( 'NONE',  ( -1017.866959293433752, 1771.909727959726069, 17.96755822948172110 ) ) ;
#580 = ORIENTED_EDGE ( 'NONE', *, *, #410, .T. ) ;
#581 = FACE_OUTER_BOUND ( 'NONE', #576, .T. ) ;
#582 = DIRECTION ( 'NONE',  ( -1.000000000000000000, 0.000000000000000000, 0.000000000000000000 ) ) ;
#583 = CARTESIAN_POINT ( 'NONE',  ( -1029.754039774049488, 1771.915137767791975, 17.50000000000000000 ) ) ;
#584 = EDGE_CURVE ( 'NONE', #912, #34, #1693, .T. ) ;
#585 = LINE ( 'NONE', #84, #759 ) ;
#586 = CARTESIAN_POINT ( 'NONE',  ( -1020.254039774049375, 1771.915137767791975, 17.50000000000000000 ) ) ;
#587 = ORIENTED_EDGE ( 'NONE', *, *, #955, .F. ) ;
#588 = ORIENTED_EDGE ( 'NONE', *, *, #1607, .F. ) ;
#589 = ADVANCED_FACE ( 'NONE', ( #179 ), #624, .T. ) ;
#590 = ORIENTED_EDGE ( 'NONE', *, *, #1172, .F. ) ;
#591 = DIRECTION ( 'NONE',  ( 0.000000000000000000, 0.000000000000000000, -1.000000000000000000 ) ) ;
#592 = CARTESIAN_POINT ( 'NONE',  ( -1046.257405398288256, 1879.284887082375917, 19.87811275305498881 ) ) ;
#593 = FACE_OUTER_BOUND ( 'NONE', #242, .T. ) ;
#594 = VERTEX_POINT ( 'NONE', #1797 ) ;
#595 = DIRECTION ( 'NONE',  ( -0.000000000000000000, -0.000000000000000000, -1.000000000000000000 ) ) ;
#596 = EDGE_LOOP ( 'NONE', ( #1821, #310, #133, #99 ) ) ;
#597 = DIRECTION ( 'NONE',  ( -0.000000000000000000, -0.000000000000000000, -1.000000000000000000 ) ) ;
#598 = FACE_OUTER_BOUND ( 'NONE', #924, .T. ) ;
#599 = CIRCLE ( 'NONE', #1357, 3.000000000000061728 ) ;
#600 = VECTOR ( 'NONE', #241, 1000.000000000000000 ) ;
#601 = VECTOR ( 'NONE', #1131, 1000.000000000000227 ) ;
#602 = AXIS2_PLACEMENT_3D ( 'NONE', #489, #1, #1072 ) ;
#603 = CARTESIAN_POINT ( 'NONE',  ( -1047.604225032177055, 1879.244845044603835, 20.00000000000000000 ) ) ;
#604 = CARTESIAN_POINT ( 'NONE',  ( -1022.660393616291685, 1865.361131938153449, 10.00000000000000000 ) ) ;
#605 = CARTESIAN_POINT ( 'NONE',  ( -1086.551070213317871, 1812.030673027038574, 20.00000000000000000 ) ) ;
#606 = VERTEX_POINT ( 'NONE', #813 ) ;
#607 = ORIENTED_EDGE ( 'NONE', *, *, #203, .T. ) ;
#608 = CARTESIAN_POINT ( 'NONE',  ( -1029.233330866767119, 1782.981854986939652, 19.25985466240571853 ) ) ;
#609 = CARTESIAN_POINT ( 'NONE',  ( -1050.413777576121674, 1814.258866816416457, 5.000000000000000000 ) ) ;
#610 = CARTESIAN_POINT ( 'NONE',  ( -1045.931358049346500, 1757.870618792109553, 19.22668662059502509 ) ) ;
#611 = EDGE_CURVE ( 'NONE', #1425, #1328, #342, .T. ) ;
#612 = EDGE_CURVE ( 'NONE', #875, #492, #1507, .T. ) ;
#613 = CARTESIAN_POINT ( 'NONE',  ( -1083.573102951909959, 1837.334156034344687, 20.00000000000000000 ) ) ;
#614 = LINE ( 'NONE', #1337, #385 ) ;
#615 = CARTESIAN_POINT ( 'NONE',  ( -1018.197105784171640, 1774.945722663909692, 17.77694031952332310 ) ) ;
#616 = ORIENTED_EDGE ( 'NONE', *, *, #1188, .T. ) ;
#617 = ORIENTED_EDGE ( 'NONE', *, *, #389, .F. ) ;
#618 = CARTESIAN_POINT ( 'NONE',  ( -1072.795020342014141, 1855.310320854187012, 17.50000000000000000 ) ) ;
#619 = CARTESIAN_POINT ( 'NONE',  ( -1045.655290077765585, 1879.302788458180430, 10.00000000000000000 ) ) ;
#620 = EDGE_CURVE ( 'NONE', #805, #517, #1803, .T. ) ;
#621 = ORIENTED_EDGE ( 'NONE', *, *, #425, .F. ) ;
#622 = ORIENTED_EDGE ( 'NONE', *, *, #786, .F. ) ;
#623 = ORIENTED_EDGE ( 'NONE', *, *, #294, .F. ) ;
#624 = CYLINDRICAL_SURFACE ( 'NONE', #129, 2.999999999999908518 ) ;
#625 = CARTESIAN_POINT ( 'NONE',  ( -1044.502920520299995, 1757.902997867949125, 18.39063913592890742 ) ) ;
#626 = CARTESIAN_POINT ( 'NONE',  ( -1073.083024767848656, 1772.191941738128207, 17.50000000000000000 ) ) ;
#627 = TOROIDAL_SURFACE ( 'NONE', #1634, 26.50658233326653956, 3.000000000000000000 ) ;
#628 = CARTESIAN_POINT ( 'NONE',  ( -1036.606274543700010, 1851.938132510312471, 19.96150634518114941 ) ) ;
#629 = DIRECTION ( 'NONE',  ( 0.9744490363056798055, 0.2246087167563449172, 0.000000000000000000 ) ) ;
#630 = AXIS2_PLACEMENT_3D ( 'NONE', #1158, #1444, #1740 ) ;
#631 = AXIS2_PLACEMENT_3D ( 'NONE', #1617, #1746, #1464 ) ;
#632 = FACE_OUTER_BOUND ( 'NONE', #1256, .T. ) ;
#633 = PRODUCT_DEFINITION_FORMATION_WITH_SPECIFIED_SOURCE ( 'ANY', '', #122, .NOT_KNOWN. ) ;
#634 = EDGE_LOOP ( 'NONE', ( #1859, #169 ) ) ;
#635 = ADVANCED_FACE ( 'NONE', ( #1682 ), #947, .F. ) ;
#636 = LINE ( 'NONE', #1341, #284 ) ;
#637 = EDGE_LOOP ( 'NONE', ( #1074, #512, #1630, #956 ) ) ;
#638 = CARTESIAN_POINT ( 'NONE',  ( -1045.358113295597377, 1879.302788458180430, 10.00000000000000000 ) ) ;
#639 = CARTESIAN_POINT ( 'NONE',  ( -1032.342076301574707, 1868.173360824584961, 20.00000000000000000 ) ) ;
#640 = FACE_OUTER_BOUND ( 'NONE', #235, .T. ) ;
#641 = CARTESIAN_POINT ( 'NONE',  ( -1028.987328842966917, 1860.051619371335619, 17.00000000000000000 ) ) ;
#642 = FACE_OUTER_BOUND ( 'NONE', #1330, .T. ) ;
#643 = ADVANCED_FACE ( 'NONE', ( #1207 ), #501, .T. ) ;
#644 = VERTEX_POINT ( 'NONE', #511 ) ;
#645 = ADVANCED_FACE ( 'NONE', ( #1067 ), #663, .T. ) ;
#646 = DIRECTION ( 'NONE',  ( -0.000000000000000000, -0.000000000000000000, -1.000000000000000000 ) ) ;
#647 = DIRECTION ( 'NONE',  ( -1.000000000000000000, 0.000000000000000000, 0.000000000000000000 ) ) ;
#648 = DIRECTION ( 'NONE',  ( 0.7057095276197172806, -0.7085012791990961123, 0.000000000000000000 ) ) ;
#649 = CARTESIAN_POINT ( 'NONE',  ( -1044.719825267791748, 1860.077559947967757, 17.50000000000000000 ) ) ;
#650 = ORIENTED_EDGE ( 'NONE', *, *, #798, .T. ) ;
#651 = ORIENTED_EDGE ( 'NONE', *, *, #1743, .T. ) ;
#652 = DIRECTION ( 'NONE',  ( 0.02971767821672425744, -0.9995583322655098302, 0.000000000000000000 ) ) ;
#653 = LINE ( 'NONE', #1380, #1446 ) ;
#654 = CARTESIAN_POINT ( 'NONE',  ( -1029.754039774049488, 1771.915137767791975, 20.00000000000000000 ) ) ;
#655 = CIRCLE ( 'NONE', #1327, 20.00000000000001776 ) ;
#656 = VECTOR ( 'NONE', #1700, 1000.000000000000000 ) ;
#657 = AXIS2_PLACEMENT_3D ( 'NONE', #260, #97, #112 ) ;
#658 = AXIS2_PLACEMENT_3D ( 'NONE', #394, #1404, #1679 ) ;
#659 = CARTESIAN_POINT ( 'NONE',  ( -1044.218624721544074, 1879.139287174644323, 18.90171897250957755 ) ) ;
#660 = FACE_OUTER_BOUND ( 'NONE', #365, .T. ) ;
#661 = AXIS2_PLACEMENT_3D ( 'NONE', #400, #1002, #1105 ) ;
#662 = VERTEX_POINT ( 'NONE', #638 ) ;
#663 = CYLINDRICAL_SURFACE ( 'NONE', #388, 9.499980077459113659 ) ;
#664 = ORIENTED_EDGE ( 'NONE', *, *, #1582, .F. ) ;
#665 = DIRECTION ( 'NONE',  ( -0.000000000000000000, -0.000000000000000000, -1.000000000000000000 ) ) ;
#666 = CARTESIAN_POINT ( 'NONE',  ( 0.000000000000000000, 0.000000000000000000, 5.000000000000000000 ) ) ;
#667 = ADVANCED_FACE ( 'NONE', ( #1014 ), #989, .F. ) ;
#668 = EDGE_CURVE ( 'NONE', #1150, #854, #1453, .T. ) ;
#669 = DIRECTION ( 'NONE',  ( 0.000000000000000000, 0.000000000000000000, 1.000000000000000000 ) ) ;
#670 = ORIENTED_EDGE ( 'NONE', *, *, #556, .F. ) ;
#671 = EDGE_CURVE ( 'NONE', #1137, #1879, #1212, .T. ) ;
#672 = DIRECTION ( 'NONE',  ( -0.9981352993660486117, -0.06104034861834027603, 0.000000000000000000 ) ) ;
#673 = ADVANCED_FACE ( 'NONE', ( #1284 ), #1139, .F. ) ;
#674 = VERTEX_POINT ( 'NONE', #827 ) ;
#675 = CARTESIAN_POINT ( 'NONE',  ( -1082.583024767848656, 1772.191941738128207, 17.50000000000000000 ) ) ;
#676 = CARTESIAN_POINT ( 'NONE',  ( -1073.083024767848656, 1772.191941738128207, 5.000000000000000888 ) ) ;
#677 = CARTESIAN_POINT ( 'NONE',  ( -1041.964195290686348, 1877.833544434951364, 10.00000000000000000 ) ) ;
#678 = VERTEX_POINT ( 'NONE', #396 ) ;
#679 = CARTESIAN_POINT ( 'NONE',  ( -1049.912978181443350, 1782.736348919924239, 17.00000000000000000 ) ) ;
#680 = CARTESIAN_POINT ( 'NONE',  ( -1040.469825267791748, 1860.077559947967757, 20.00000000000000000 ) ) ;
#681 = ORIENTED_EDGE ( 'NONE', *, *, #267, .F. ) ;
#682 = CARTESIAN_POINT ( 'NONE',  ( -1068.833024767848656, 1772.191941738128207, 20.00000000000000000 ) ) ;
#683 = MANIFOLD_SOLID_BREP ( 'Congé4', #1112 ) ;
#684 = DIRECTION ( 'NONE',  ( 0.000000000000000000, 0.000000000000000000, 1.000000000000000000 ) ) ;
#685 = DIRECTION ( 'NONE',  ( 0.7057095276197172806, -0.7085012791990961123, -0.000000000000000000 ) ) ;
#686 = VECTOR ( 'NONE', #1806, 1000.000000000000000 ) ;
#687 = CIRCLE ( 'NONE', #915, 4.250000000000087041 ) ;
#688 = AXIS2_PLACEMENT_3D ( 'NONE', #1051, #1042, #910 ) ;
#689 = EDGE_CURVE ( 'NONE', #108, #1001, #859, .T. ) ;
#690 = VERTEX_POINT ( 'NONE', #701 ) ;
#691 = ORIENTED_EDGE ( 'NONE', *, *, #1685, .T. ) ;
#692 = CIRCLE ( 'NONE', #1761, 11.50861811465664353 ) ;
#693 = AXIS2_PLACEMENT_3D ( 'NONE', #1422, #98, #1476 ) ;
#694 =( LENGTH_UNIT ( ) NAMED_UNIT ( * ) SI_UNIT ( .MILLI., .METRE. ) );
#695 = ADVANCED_FACE ( 'NONE', ( #1434 ), #1272, .T. ) ;
#696 = ORIENTED_EDGE ( 'NONE', *, *, #146, .F. ) ;
#697 = CARTESIAN_POINT ( 'NONE',  ( -928.4727401059569729, 1806.253412200929461, 5.000000000000000888 ) ) ;
#698 = CARTESIAN_POINT ( 'NONE',  ( -1081.940273330778382, 1814.258866816416457, 17.00000000000000000 ) ) ;
#699 = ORIENTED_EDGE ( 'NONE', *, *, #1660, .F. ) ;
#700 = EDGE_LOOP ( 'NONE', ( #23, #623, #1023, #563, #243 ) ) ;
#701 = CARTESIAN_POINT ( 'NONE',  ( -1032.342076301574707, 1868.173360824584961, 17.00000000000000000 ) ) ;
#702 = EDGE_CURVE ( 'NONE', #1586, #1150, #509, .T. ) ;
#703 = DIRECTION ( 'NONE',  ( 0.01376762958229700920, -0.9999052216963788542, -0.000000000000000000 ) ) ;
#704 = EDGE_CURVE ( 'NONE', #544, #1388, #1865, .T. ) ;
#705 = VERTEX_POINT ( 'NONE', #1249 ) ;
#706 = CARTESIAN_POINT ( 'NONE',  ( -1031.461586606842729, 1762.174529134578506, 19.92040702770762906 ) ) ;
#707 = DIRECTION ( 'NONE',  ( 0.000000000000000000, 0.000000000000000000, -1.000000000000000000 ) ) ;
#708 = ORIENTED_EDGE ( 'NONE', *, *, #584, .F. ) ;
#709 = VERTEX_POINT ( 'NONE', #1106 ) ;
#710 = DIRECTION ( 'NONE',  ( -0.000000000000000000, -0.000000000000000000, -1.000000000000000000 ) ) ;
#711 = VERTEX_POINT ( 'NONE', #1692 ) ;
#712 = LINE ( 'NONE', #1008, #1060 ) ;
#713 = CARTESIAN_POINT ( 'NONE',  ( -1052.389196487470144, 1845.723412811759772, 10.00000000000000000 ) ) ;
#714 = CARTESIAN_POINT ( 'NONE',  ( -1034.004039774049488, 1771.915137767791975, 20.00000000000000000 ) ) ;
#715 = CARTESIAN_POINT ( 'NONE',  ( -1050.413777576121674, 1814.258866816416457, 20.00000000000000000 ) ) ;
#716 = ORIENTED_EDGE ( 'NONE', *, *, #753, .T. ) ;
#717 = AXIS2_PLACEMENT_3D ( 'NONE', #618, #591, #1200 ) ;
#718 = VERTEX_POINT ( 'NONE', #386 ) ;
#719 = DIRECTION ( 'NONE',  ( 0.000000000000000000, 0.000000000000000000, -1.000000000000000000 ) ) ;
#720 = VECTOR ( 'NONE', #748, 1000.000000000000000 ) ;
#721 = ORIENTED_EDGE ( 'NONE', *, *, #782, .F. ) ;
#722 = AXIS2_PLACEMENT_3D ( 'NONE', #726, #1290, #125 ) ;
#723 = TOROIDAL_SURFACE ( 'NONE', #1872, 9.094529076413268243, 3.000000000000000000 ) ;
#724 = CARTESIAN_POINT ( 'NONE',  ( -1031.553962659671697, 1761.464717007562513, 19.60264297747215068 ) ) ;
#725 = VECTOR ( 'NONE', #439, 1000.000000000000000 ) ;
#726 = CARTESIAN_POINT ( 'NONE',  ( -1029.807977354527111, 1771.919483044095614, 17.00000000000000000 ) ) ;
#727 = EDGE_CURVE ( 'NONE', #966, #678, #885, .T. ) ;
#728 = LINE ( 'NONE', #1291, #1238 ) ;
#729 = ADVANCED_FACE ( 'NONE', ( #364 ), #274, .F. ) ;
#730 = FACE_OUTER_BOUND ( 'NONE', #18, .T. ) ;
#731 = EDGE_LOOP ( 'NONE', ( #670, #1169 ) ) ;
#732 = ORIENTED_EDGE ( 'NONE', *, *, #786, .T. ) ;
#733 = CARTESIAN_POINT ( 'NONE',  ( -1017.713448278113788, 1771.919483044095614, 17.00000000000000000 ) ) ;
#734 = DIRECTION ( 'NONE',  ( -0.06104034861834027603, 0.9981352993660486117, 0.000000000000000000 ) ) ;
#735 = DIRECTION ( 'NONE',  ( -0.000000000000000000, -0.000000000000000000, -1.000000000000000000 ) ) ;
#736 = ORIENTED_EDGE ( 'NONE', *, *, #848, .F. ) ;
#737 = EDGE_CURVE ( 'NONE', #1328, #1409, #245, .T. ) ;
#738 = CARTESIAN_POINT ( 'NONE',  ( -1019.746034910021535, 1774.642507561689172, 19.69645681485551236 ) ) ;
#739 =( NAMED_UNIT ( * ) SI_UNIT ( $, .STERADIAN. ) SOLID_ANGLE_UNIT ( ) );
#740 = DIRECTION ( 'NONE',  ( -1.000000000000000000, 0.000000000000000000, 0.000000000000000000 ) ) ;
#741 = DIRECTION ( 'NONE',  ( -0.000000000000000000, -0.000000000000000000, 1.000000000000000000 ) ) ;
#742 = CARTESIAN_POINT ( 'NONE',  ( -1029.754039774049488, 1771.915137767791975, 17.50000000000000000 ) ) ;
#743 = ORIENTED_EDGE ( 'NONE', *, *, #149, .F. ) ;
#744 = ORIENTED_EDGE ( 'NONE', *, *, #177, .T. ) ;
#745 = DIRECTION ( 'NONE',  ( -0.000000000000000000, -0.000000000000000000, -1.000000000000000000 ) ) ;
#746 = VERTEX_POINT ( 'NONE', #1202 ) ;
#747 = CARTESIAN_POINT ( 'NONE',  ( -1029.234699816143802, 1783.258948564732009, 18.98325543691175099 ) ) ;
#748 = DIRECTION ( 'NONE',  ( 0.000000000000000000, 0.000000000000000000, -1.000000000000000000 ) ) ;
#749 = CARTESIAN_POINT ( 'NONE',  ( -1040.469825267791748, 1860.077559947967757, 17.50000000000000000 ) ) ;
#750 = VERTEX_POINT ( 'NONE', #1632 ) ;
#751 = EDGE_CURVE ( 'NONE', #846, #1199, #157, .T. ) ;
#752 = ORIENTED_EDGE ( 'NONE', *, *, #1642, .T. ) ;
#753 = EDGE_CURVE ( 'NONE', #136, #1608, #476, .T. ) ;
#754 = VECTOR ( 'NONE', #1361, 1000.000000000000000 ) ;
#755 = CARTESIAN_POINT ( 'NONE',  ( -1083.573102951909959, 1837.334156034344687, 5.000000000000000888 ) ) ;
#756 = CARTESIAN_POINT ( 'NONE',  ( -1017.713448278113788, 1771.919483044095614, 5.000000000000000000 ) ) ;
#757 = CARTESIAN_POINT ( 'NONE',  ( -1044.864965800410118, 1757.894791214634552, 18.66501299773666744 ) ) ;
#758 = CIRCLE ( 'NONE', #2, 9.499980077459113659 ) ;
#759 = VECTOR ( 'NONE', #685, 1000.000000000000000 ) ;
#760 = AXIS2_PLACEMENT_3D ( 'NONE', #1309, #311, #1754 ) ;
#761 = AXIS2_PLACEMENT_3D ( 'NONE', #1836, #79, #1546 ) ;
#762 = CARTESIAN_POINT ( 'NONE',  ( -1035.794544043208589, 1849.568497744387514, 17.39395074342133540 ) ) ;
#763 = CARTESIAN_POINT ( 'NONE',  ( -1050.413777576121674, 1814.258866816416457, 17.00000000000000000 ) ) ;
#764 = LINE ( 'NONE', #605, #1539 ) ;
#765 = EDGE_LOOP ( 'NONE', ( #568, #691, #1681, #1098 ) ) ;
#766 = ORIENTED_EDGE ( 'NONE', *, *, #470, .T. ) ;
#767 = DIRECTION ( 'NONE',  ( -1.000000000000000000, 0.000000000000000000, 0.000000000000000000 ) ) ;
#768 = ORIENTED_EDGE ( 'NONE', *, *, #1046, .T. ) ;
#769 = EDGE_CURVE ( 'NONE', #922, #1850, #1675, .T. ) ;
#770 = CARTESIAN_POINT ( 'NONE',  ( -1020.100414632409297, 1774.572012875629071, 19.84592832657166994 ) ) ;
#771 = EDGE_CURVE ( 'NONE', #1425, #978, #1563, .T. ) ;
#772 = LINE ( 'NONE', #1644, #1842 ) ;
#773 = EDGE_CURVE ( 'NONE', #80, #1198, #906, .T. ) ;
#774 = ORIENTED_EDGE ( 'NONE', *, *, #115, .F. ) ;
#775 = DIRECTION ( 'NONE',  ( -0.000000000000000000, -0.000000000000000000, -1.000000000000000000 ) ) ;
#776 = CARTESIAN_POINT ( 'NONE',  ( -1029.754039774049488, 1771.915137767791975, 5.000000000000000888 ) ) ;
#777 = ORIENTED_EDGE ( 'NONE', *, *, #1211, .T. ) ;
#778 = LINE ( 'NONE', #1721, #5 ) ;
#779 = CARTESIAN_POINT ( 'NONE',  ( -1040.469825267791748, 1860.077559947967757, 17.50000000000000000 ) ) ;
#780 = CARTESIAN_POINT ( 'NONE',  ( -1035.837592875364862, 1849.696563061801044, 17.96904117143584045 ) ) ;
#781 = CARTESIAN_POINT ( 'NONE',  ( -1049.995946957623573, 1860.051619371335619, 17.50000000000000000 ) ) ;
#782 = EDGE_CURVE ( 'NONE', #108, #718, #1791, .T. ) ;
#783 = ORIENTED_EDGE ( 'NONE', *, *, #1562, .T. ) ;
#784 = ORIENTED_EDGE ( 'NONE', *, *, #177, .F. ) ;
#785 = DIRECTION ( 'NONE',  ( -0.9744490363056798055, -0.2246087167563449172, 0.000000000000000000 ) ) ;
#786 = EDGE_CURVE ( 'NONE', #994, #438, #214, .T. ) ;
#787 = VECTOR ( 'NONE', #182, 1000.000000000000000 ) ;
#788 = LINE ( 'NONE', #368, #448 ) ;
#789 = CIRCLE ( 'NONE', #1571, 9.500000000000063949 ) ;
#790 = CARTESIAN_POINT ( 'NONE',  ( -1036.769647770781148, 1852.402352962639952, 20.00000000000000000 ) ) ;
#791 = AXIS2_PLACEMENT_3D ( 'NONE', #1222, #190, #822 ) ;
#792 = EDGE_CURVE ( 'NONE', #674, #1150, #1325, .T. ) ;
#793 = EDGE_CURVE ( 'NONE', #1769, #276, #14, .T. ) ;
#794 = ORIENTED_EDGE ( 'NONE', *, *, #1849, .F. ) ;
#795 = DIRECTION ( 'NONE',  ( 0.1268862567038999412, -0.9919172736975961913, 0.000000000000000000 ) ) ;
#796 = ORIENTED_EDGE ( 'NONE', *, *, #10, .F. ) ;
#797 = FACE_BOUND ( 'NONE', #150, .T. ) ;
#798 = EDGE_CURVE ( 'NONE', #750, #1748, #1505, .T. ) ;
#799 = CARTESIAN_POINT ( 'NONE',  ( -1019.933997567822530, 1771.785157432904043, 19.90344406808711852 ) ) ;
#800 = LINE ( 'NONE', #559, #1062 ) ;
#801 = DIRECTION ( 'NONE',  ( -1.000000000000000000, 0.000000000000000000, 0.000000000000000000 ) ) ;
#802 = DIRECTION ( 'NONE',  ( -0.000000000000000000, -0.000000000000000000, -1.000000000000000000 ) ) ;
#803 = ORIENTED_EDGE ( 'NONE', *, *, #689, .T. ) ;
#804 = CYLINDRICAL_SURFACE ( 'NONE', #1543, 11.50861811465664353 ) ;
#805 = VERTEX_POINT ( 'NONE', #1392 ) ;
#806 = CARTESIAN_POINT ( 'NONE',  ( -1036.219825267791748, 1860.077559947967757, 17.50000000000000000 ) ) ;
#807 = DIRECTION ( 'NONE',  ( -0.003979742046659340109, -0.9999920807952642487, -0.000000000000000000 ) ) ;
#808 = DIRECTION ( 'NONE',  ( -0.000000000000000000, -0.000000000000000000, -1.000000000000000000 ) ) ;
#809 = PLANE ( 'NONE',  #658 ) ;
#810 = CARTESIAN_POINT ( 'NONE',  ( -1031.987328842966917, 1860.051619371335619, 20.00000000000000000 ) ) ;
#811 = CARTESIAN_POINT ( 'NONE',  ( -1049.811522321869916, 1780.131449426018207, 19.98060515382686830 ) ) ;
#812 = EDGE_LOOP ( 'NONE', ( #721, #803, #1714, #1130, #1592, #118 ) ) ;
#813 = CARTESIAN_POINT ( 'NONE',  ( -1047.069730036819010, 1782.910226006594257, 5.000000000000000000 ) ) ;
#814 = EDGE_CURVE ( 'NONE', #1523, #1769, #377, .T. ) ;
#815 = ORIENTED_EDGE ( 'NONE', *, *, #325, .F. ) ;
#816 = DIRECTION ( 'NONE',  ( -0.9981352993660486117, -0.06104034861834027603, 0.000000000000000000 ) ) ;
#817 = B_SPLINE_CURVE_WITH_KNOTS ( 'NONE', 3,
 ( #1881, #1779, #11, #1612, #458, #280, #171, #473, #747, #608, #314, #1194, #923, #889, #466, #1457, #1187, #1045, #1061, #1896 ),
 .UNSPECIFIED., .F., .F.,
 ( 4, 2, 2, 2, 2, 2, 2, 2, 2, 4 ),
 ( 0.000000000000000000, 0.0005863220514133111235, 0.001172644102826622247, 0.001758966154239933371, 0.002345288205653244494, 0.002931610257066555834, 0.003517932308479866741, 0.004104254359893177648, 0.004397415385600155109, 0.004690576411307132570 ),
 .UNSPECIFIED. ) ;
#818 = VECTOR ( 'NONE', #1101, 1000.000000000000000 ) ;
#819 = ADVANCED_FACE ( 'NONE', ( #640 ), #627, .T. ) ;
#820 = AXIS2_PLACEMENT_3D ( 'NONE', #225, #684, #530 ) ;
#821 = AXIS2_PLACEMENT_3D ( 'NONE', #763, #1175, #1591 ) ;
#822 = DIRECTION ( 'NONE',  ( -0.06104034861831240250, 0.9981352993660503881, 0.000000000000000000 ) ) ;
#823 = AXIS2_PLACEMENT_3D ( 'NONE', #1481, #775, #170 ) ;
#824 = PRESENTATION_LAYER_ASSIGNMENT (  '', '', ( #572 ) ) ;
#825 = ORIENTED_EDGE ( 'NONE', *, *, #1848, .F. ) ;
#826 = DIRECTION ( 'NONE',  ( 0.9997431916869492508, 0.02266165650590859504, 0.000000000000000000 ) ) ;
#827 = CARTESIAN_POINT ( 'NONE',  ( -1031.743288040161133, 1759.980797767639160, 17.00000000000000000 ) ) ;
#828 = DIRECTION ( 'NONE',  ( -0.000000000000000000, -0.000000000000000000, -1.000000000000000000 ) ) ;
#829 = EDGE_LOOP ( 'NONE', ( #1022, #161, #1802, #1066 ) ) ;
#830 = EDGE_CURVE ( 'NONE', #447, #1626, #655, .T. ) ;
#831 = CARTESIAN_POINT ( 'NONE',  ( -1074.229675476499324, 1878.453248853427567, 20.00000000000000000 ) ) ;
#832 = DIRECTION ( 'NONE',  ( 0.000000000000000000, 0.000000000000000000, 1.000000000000000000 ) ) ;
#833 = FACE_OUTER_BOUND ( 'NONE', #1554, .T. ) ;
#834 = DIRECTION ( 'NONE',  ( -1.000000000000000000, 0.000000000000000000, 0.000000000000000000 ) ) ;
#835 = ORIENTED_EDGE ( 'NONE', *, *, #1211, .F. ) ;
#836 = CARTESIAN_POINT ( 'NONE',  ( -1199.520107816890004, 1809.146131358044840, 10.00000000000000000 ) ) ;
#837 = ORIENTED_EDGE ( 'NONE', *, *, #769, .F. ) ;
#838 = EDGE_CURVE ( 'NONE', #80, #662, #156, .T. ) ;
#839 = FACE_OUTER_BOUND ( 'NONE', #1894, .T. ) ;
#840 = CARTESIAN_POINT ( 'NONE',  ( -1052.411422523395686, 1845.875943600053688, 17.96791095577813380 ) ) ;
#841 = ORIENTED_EDGE ( 'NONE', *, *, #124, .T. ) ;
#842 = ORIENTED_EDGE ( 'NONE', *, *, #988, .T. ) ;
#843 = CARTESIAN_POINT ( 'NONE',  ( -1049.901277771134573, 1782.432851671071376, 18.32977630828045790 ) ) ;
#844 = FILL_AREA_STYLE ('',( #1408 ) ) ;
#845 = PLANE ( 'NONE',  #917 ) ;
#846 = VERTEX_POINT ( 'NONE', #1221 ) ;
#847 = CARTESIAN_POINT ( 'NONE',  ( -1031.650236205662168, 1760.715341308866527, 18.98252023715547310 ) ) ;
#848 = EDGE_CURVE ( 'NONE', #895, #277, #28, .T. ) ;
#849 = CYLINDRICAL_SURFACE ( 'NONE', #1541, 9.500000000000063949 ) ;
#850 = VECTOR ( 'NONE', #1557, 1000.000000000000000 ) ;
#851 = EDGE_CURVE ( 'NONE', #264, #805, #1110, .T. ) ;
#852 = AXIS2_PLACEMENT_3D ( 'NONE', #654, #832, #1402 ) ;
#853 = AXIS2_PLACEMENT_3D ( 'NONE', #1590, #881, #1883 ) ;
#854 = VERTEX_POINT ( 'NONE', #1696 ) ;
#855 = ORIENTED_EDGE ( 'NONE', *, *, #1427, .T. ) ;
#856 = AXIS2_PLACEMENT_3D ( 'NONE', #83, #550, #392 ) ;
#858 = AXIS2_PLACEMENT_3D ( 'NONE', #1516, #1242, #1091 ) ;
#857 = CYLINDRICAL_SURFACE ( 'NONE', #571, 4.250000000000087041 ) ;
#859 = LINE ( 'NONE', #1426, #1844 ) ;
#860 = EDGE_LOOP ( 'NONE', ( #1435, #815, #766, #864 ) ) ;
#861 = SURFACE_SIDE_STYLE ('',( #1568 ) ) ;
#862 = FACE_OUTER_BOUND ( 'NONE', #1705, .T. ) ;
#863 = DIRECTION ( 'NONE',  ( -0.000000000000000000, -0.000000000000000000, -1.000000000000000000 ) ) ;
#864 = ORIENTED_EDGE ( 'NONE', *, *, #345, .T. ) ;
#865 = ORIENTED_EDGE ( 'NONE', *, *, #1345, .F. ) ;
#866 = CYLINDRICAL_SURFACE ( 'NONE', #890, 185.5787832629014531 ) ;
#867 = ORIENTED_EDGE ( 'NONE', *, *, #1576, .T. ) ;
#868 = PRESENTATION_STYLE_ASSIGNMENT (( #281 ) ) ;
#869 = LINE ( 'NONE', #110, #1570 ) ;
#870 = DIRECTION ( 'NONE',  ( -1.000000000000000000, 0.000000000000000000, 0.000000000000000000 ) ) ;
#871 = DIRECTION ( 'NONE',  ( -1.000000000000000000, 0.000000000000000000, 0.000000000000000000 ) ) ;
#872 = DIRECTION ( 'NONE',  ( -1.000000000000000000, 0.000000000000000000, -0.000000000000000000 ) ) ;
#873 = ORIENTED_EDGE ( 'NONE', *, *, #389, .T. ) ;
#874 = VERTEX_POINT ( 'NONE', #980 ) ;
#875 = VERTEX_POINT ( 'NONE', #960 ) ;
#876 = ADVANCED_FACE ( 'NONE', ( #67, #1549, #941, #1670, #209, #38 ), #496, .T. ) ;
#877 = APPLICATION_PROTOCOL_DEFINITION ( 'draft international standard', 'automotive_design', 1998, #461 ) ;
#878 = CARTESIAN_POINT ( 'NONE',  ( -1063.583024767848656, 1772.191941738128207, 17.50000000000000000 ) ) ;
#879 = ADVANCED_FACE ( 'NONE', ( #1661 ), #1510, .T. ) ;
#880 = DIRECTION ( 'NONE',  ( 0.000000000000000000, 0.000000000000000000, -1.000000000000000000 ) ) ;
#881 = DIRECTION ( 'NONE',  ( 0.000000000000000000, 0.000000000000000000, 1.000000000000000000 ) ) ;
#882 = DIRECTION ( 'NONE',  ( 0.000000000000000000, 0.000000000000000000, -1.000000000000000000 ) ) ;
#883 = ORIENTED_EDGE ( 'NONE', *, *, #1122, .T. ) ;
#884 = EDGE_LOOP ( 'NONE', ( #580, #445, #411, #607 ) ) ;
#885 = CIRCLE ( 'NONE', #1694, 11.50861811465664353 ) ;
#886 = ORIENTED_EDGE ( 'NONE', *, *, #611, .T. ) ;
#887 = AXIS2_PLACEMENT_3D ( 'NONE', #921, #340, #767 ) ;
#888 = VECTOR ( 'NONE', #1300, 1000.000000000000000 ) ;
#889 = CARTESIAN_POINT ( 'NONE',  ( -1029.230024486179900, 1781.966637104289248, 19.84581828267275583 ) ) ;
#890 = AXIS2_PLACEMENT_3D ( 'NONE', #836, #1283, #564 ) ;
#891 = AXIS2_PLACEMENT_3D ( 'NONE', #1733, #1439, #1469 ) ;
#892 = DIRECTION ( 'NONE',  ( -0.000000000000000000, -0.000000000000000000, -1.000000000000000000 ) ) ;
#893 = LINE ( 'NONE', #1843, #1695 ) ;
#894 = LINE ( 'NONE', #586, #506 ) ;
#895 = VERTEX_POINT ( 'NONE', #1102 ) ;
#896 = ORIENTED_EDGE ( 'NONE', *, *, #1040, .T. ) ;
#897 = CARTESIAN_POINT ( 'NONE',  ( -1020.571068368911142, 1774.477630723491984, 19.96134523524294480 ) ) ;
#898 = DIRECTION ( 'NONE',  ( 0.000000000000000000, 0.000000000000000000, 1.000000000000000000 ) ) ;
#899 = CARTESIAN_POINT ( 'NONE',  ( -1036.638589707298934, 1852.030344490874768, 19.97590538159198914 ) ) ;
#900 = CARTESIAN_POINT ( 'NONE',  ( -1093.186802834068203, 1839.398302130130787, 20.00000000000000000 ) ) ;
#901 = EDGE_CURVE ( 'NONE', #80, #966, #189, .T. ) ;
#902 = ORIENTED_EDGE ( 'NONE', *, *, #70, .F. ) ;
#903 = ORIENTED_EDGE ( 'NONE', *, *, #443, .F. ) ;
#904 = CARTESIAN_POINT ( 'NONE',  ( -1063.295020342014141, 1855.310320854187012, 5.000000000000000888 ) ) ;
#905 = CARTESIAN_POINT ( 'NONE',  ( -1043.678045272827376, 1757.921695709228743, 17.15399925653203184 ) ) ;
#906 = LINE ( 'NONE', #1214, #30 ) ;
#907 = ADVANCED_FACE ( 'NONE', ( #259 ), #123, .F. ) ;
#908 = LINE ( 'NONE', #1049, #1637 ) ;
#909 = EDGE_CURVE ( 'NONE', #1432, #234, #1134, .T. ) ;
#910 = DIRECTION ( 'NONE',  ( -1.000000000000000000, 0.000000000000000000, 0.000000000000000000 ) ) ;
#911 = ADVANCED_FACE ( 'NONE', ( #1538 ), #495, .F. ) ;
#912 = VERTEX_POINT ( 'NONE', #806 ) ;
#913 = AXIS2_PLACEMENT_3D ( 'NONE', #1822, #665, #43 ) ;
#914 = CARTESIAN_POINT ( 'NONE',  ( -1045.506701686681936, 1874.304996796852720, 20.00000000000000000 ) ) ;
#915 = AXIS2_PLACEMENT_3D ( 'NONE', #1334, #573, #1459 ) ;
#916 = AXIS2_PLACEMENT_3D ( 'NONE', #1005, #735, #1128 ) ;
#917 = AXIS2_PLACEMENT_3D ( 'NONE', #91, #1007, #1303 ) ;
#918 = AXIS2_PLACEMENT_3D ( 'NONE', #329, #164, #1473 ) ;
#919 = DIRECTION ( 'NONE',  ( -1.000000000000000000, 0.000000000000000000, 0.000000000000000000 ) ) ;
#920 = ORIENTED_EDGE ( 'NONE', *, *, #1122, .F. ) ;
#921 = CARTESIAN_POINT ( 'NONE',  ( -1073.083024767848656, 1772.191941738128207, 17.50000000000000000 ) ) ;
#922 = VERTEX_POINT ( 'NONE', #1368 ) ;
#923 = CARTESIAN_POINT ( 'NONE',  ( -1029.230867948826926, 1782.327783692503999, 19.69626444773471974 ) ) ;
#924 = EDGE_LOOP ( 'NONE', ( #1795, #1832, #1638, #1281 ) ) ;
#925 = DIRECTION ( 'NONE',  ( 0.000000000000000000, 0.000000000000000000, 1.000000000000000000 ) ) ;
#926 = ORIENTED_EDGE ( 'NONE', *, *, #782, .T. ) ;
#927 = DIRECTION ( 'NONE',  ( 0.1268862567038999412, -0.9919172736975961913, -0.000000000000000000 ) ) ;
#928 = CARTESIAN_POINT ( 'NONE',  ( -1049.739195495399827, 1757.784304721706121, 20.00000000000000000 ) ) ;
#929 = EDGE_CURVE ( 'NONE', #471, #447, #75, .T. ) ;
#930 = DIRECTION ( 'NONE',  ( -1.000000000000000000, 0.000000000000000000, 0.000000000000000000 ) ) ;
#931 = CARTESIAN_POINT ( 'NONE',  ( -1035.788297653198242, 1849.549889564514160, 17.00000000000000000 ) ) ;
#932 = VERTEX_POINT ( 'NONE', #208 ) ;
#933 = CARTESIAN_POINT ( 'NONE',  ( -1052.713197888352852, 1847.926698878521620, 19.90347229079433689 ) ) ;
#934 = EDGE_CURVE ( 'NONE', #1356, #1320, #1235, .T. ) ;
#935 = ORIENTED_EDGE ( 'NONE', *, *, #27, .T. ) ;
#936 = CARTESIAN_POINT ( 'NONE',  ( -1039.254039774049488, 1771.915137767791975, 17.50000000000000000 ) ) ;
#937 = AXIS2_PLACEMENT_3D ( 'NONE', #1851, #104, #258 ) ;
#938 = DIRECTION ( 'NONE',  ( -1.000000000000000000, 0.000000000000000000, 0.000000000000000000 ) ) ;
#939 = LINE ( 'NONE', #983, #1116 ) ;
#940 = CIRCLE ( 'NONE', #247, 9.499810265491515082 ) ;
#941 = FACE_BOUND ( 'NONE', #278, .T. ) ;
#942 = CIRCLE ( 'NONE', #1185, 9.500000000000063949 ) ;
#943 = CIRCLE ( 'NONE', #217, 9.500000000000063949 ) ;
#944 = CARTESIAN_POINT ( 'NONE',  ( -1044.911092459103202, 1879.282009384834510, 19.31057302143789300 ) ) ;
#945 = ORIENTED_EDGE ( 'NONE', *, *, #1233, .F. ) ;
#946 = EDGE_LOOP ( 'NONE', ( #1489, #293 ) ) ;
#947 = CYLINDRICAL_SURFACE ( 'NONE', #481, 9.500000000000063949 ) ;
#948 = DIRECTION ( 'NONE',  ( 1.000000000000000000, 0.000000000000000000, 0.000000000000000000 ) ) ;
#949 = DIRECTION ( 'NONE',  ( -1.000000000000000000, 0.000000000000000000, 0.000000000000000000 ) ) ;
#950 = CARTESIAN_POINT ( 'NONE',  ( -1045.655290077765585, 1879.302788458180430, 19.64172840016436794 ) ) ;
#951 = LINE ( 'NONE', #370, #1295 ) ;
#952 = CYLINDRICAL_SURFACE ( 'NONE', #420, 9.500000000000063949 ) ;
#953 = CARTESIAN_POINT ( 'NONE',  ( -1052.632522324593765, 1847.381983543006299, 19.69655281613290754 ) ) ;
#954 = CARTESIAN_POINT ( 'NONE',  ( -1063.583024767848656, 1772.191941738128207, 5.000000000000000888 ) ) ;
#955 = EDGE_CURVE ( 'NONE', #1769, #1627, #1870, .T. ) ;
#956 = ORIENTED_EDGE ( 'NONE', *, *, #1633, .T. ) ;
#957 = CARTESIAN_POINT ( 'NONE',  ( -1073.083024767848656, 1772.191941738128207, 20.00000000000000000 ) ) ;
#958 = ORIENTED_EDGE ( 'NONE', *, *, #1254, .T. ) ;
#959 = DIRECTION ( 'NONE',  ( -0.000000000000000000, -0.000000000000000000, -1.000000000000000000 ) ) ;
#960 = CARTESIAN_POINT ( 'NONE',  ( -1039.254039774049488, 1771.915137767791975, 17.50000000000000000 ) ) ;
#961 = DIRECTION ( 'NONE',  ( 0.9995583322655097192, 0.02971767821672425397, 0.000000000000000000 ) ) ;
#962 = CARTESIAN_POINT ( 'NONE',  ( -1049.897724445784206, 1782.340829615331359, 18.50202707906122157 ) ) ;
#963 = EDGE_CURVE ( 'NONE', #1719, #1829, #199, .T. ) ;
#964 = VERTEX_POINT ( 'NONE', #1653 ) ;
#965 = CARTESIAN_POINT ( 'NONE',  ( -1040.495946957623573, 1860.051619371335619, 17.50000000000000000 ) ) ;
#966 = VERTEX_POINT ( 'NONE', #1684 ) ;
#967 = CARTESIAN_POINT ( 'NONE',  ( -1020.224558733794311, 1771.768835448864365, 19.96134523524292348 ) ) ;
#968 = VECTOR ( 'NONE', #295, 999.9999999999998863 ) ;
#969 = DIRECTION ( 'NONE',  ( 0.000000000000000000, 0.000000000000000000, -1.000000000000000000 ) ) ;
#970 = DIRECTION ( 'NONE',  ( -0.000000000000000000, -0.000000000000000000, -1.000000000000000000 ) ) ;
#971 = VECTOR ( 'NONE', #648, 1000.000000000000000 ) ;
#972 = AXIS2_PLACEMENT_3D ( 'NONE', #982, #1550, #1511 ) ;
#973 = VECTOR ( 'NONE', #863, 1000.000000000000000 ) ;
#974 = PLANE ( 'NONE',  #1034 ) ;
#975 = CARTESIAN_POINT ( 'NONE',  ( -1052.389196487470144, 1845.723412811759772, 17.00000000000000000 ) ) ;
#976 = CIRCLE ( 'NONE', #1331, 9.500000000000063949 ) ;
#977 = AXIS2_PLACEMENT_3D ( 'NONE', #309, #426, #1447 ) ;
#978 = VERTEX_POINT ( 'NONE', #343 ) ;
#979 = CARTESIAN_POINT ( 'NONE',  ( -1040.495946957623573, 1860.051619371335619, 10.00000000000000000 ) ) ;
#980 = CARTESIAN_POINT ( 'NONE',  ( -1082.295020342014368, 1855.310320854187012, 5.000000000000000888 ) ) ;
#981 = EDGE_CURVE ( 'NONE', #922, #846, #181, .T. ) ;
#982 = CARTESIAN_POINT ( 'NONE',  ( -1029.754039774049488, 1771.915137767791975, 17.50000000000000000 ) ) ;
#983 = CARTESIAN_POINT ( 'NONE',  ( -1076.210498809814453, 1757.184267044067383, 5.000000000000000888 ) ) ;
#984 = DIRECTION ( 'NONE',  ( -1.000000000000000000, 0.000000000000000000, 0.000000000000000000 ) ) ;
#985 = CARTESIAN_POINT ( 'NONE',  ( -1049.889315372464125, 1782.123428304366371, 18.82802844253472330 ) ) ;
#986 = CARTESIAN_POINT ( 'NONE',  ( -1073.083024767848656, 1772.191941738128207, 5.000000000000000888 ) ) ;
#987 = EDGE_LOOP ( 'NONE', ( #1811, #1485, #926, #390 ) ) ;
#988 = EDGE_CURVE ( 'NONE', #1000, #750, #1251, .T. ) ;
#989 = CYLINDRICAL_SURFACE ( 'NONE', #761, 31.52649575465660092 ) ;
#990 = ORIENTED_EDGE ( 'NONE', *, *, #1825, .T. ) ;
#991 = DIRECTION ( 'NONE',  ( 0.9999920807952642487, -0.003979742046659340109, 0.000000000000000000 ) ) ;
#992 = FACE_OUTER_BOUND ( 'NONE', #1232, .T. ) ;
#993 = EDGE_CURVE ( 'NONE', #1137, #994, #653, .T. ) ;
#994 = VERTEX_POINT ( 'NONE', #1083 ) ;
#995 = ORIENTED_EDGE ( 'NONE', *, *, #294, .T. ) ;
#996 = ORIENTED_EDGE ( 'NONE', *, *, #963, .T. ) ;
#997 = DIRECTION ( 'NONE',  ( 0.003979742046659340109, 0.9999920807952642487, 0.000000000000000000 ) ) ;
#998 = VECTOR ( 'NONE', #515, 1000.000000000000000 ) ;
#999 = CIRCLE ( 'NONE', #852, 4.250000000000087041 ) ;
#1000 = VERTEX_POINT ( 'NONE', #1227 ) ;
#1001 = VERTEX_POINT ( 'NONE', #513 ) ;
#1002 = DIRECTION ( 'NONE',  ( 0.000000000000000000, 0.000000000000000000, 1.000000000000000000 ) ) ;
#1003 = AXIS2_PLACEMENT_3D ( 'NONE', #8, #719, #1480 ) ;
#1004 = DIRECTION ( 'NONE',  ( -1.000000000000000000, 0.000000000000000000, 0.000000000000000000 ) ) ;
#1005 = CARTESIAN_POINT ( 'NONE',  ( -1050.413777576121674, 1814.258866816416457, 20.00000000000000000 ) ) ;
#1006 = ORIENTED_EDGE ( 'NONE', *, *, #909, .T. ) ;
#1007 = DIRECTION ( 'NONE',  ( 0.000000000000000000, 0.000000000000000000, -1.000000000000000000 ) ) ;
#1008 = CARTESIAN_POINT ( 'NONE',  ( -1082.295020342014368, 1855.310320854187012, 17.50000000000000000 ) ) ;
#1009 = FACE_OUTER_BOUND ( 'NONE', #1224, .T. ) ;
#1010 = FACE_OUTER_BOUND ( 'NONE', #987, .T. ) ;
#1011 = EDGE_CURVE ( 'NONE', #1879, #438, #1669, .T. ) ;
#1012 = ORIENTED_EDGE ( 'NONE', *, *, #173, .T. ) ;
#1013 = ORIENTED_EDGE ( 'NONE', *, *, #1793, .T. ) ;
#1014 = FACE_OUTER_BOUND ( 'NONE', #884, .T. ) ;
#1015 = EDGE_CURVE ( 'NONE', #1308, #517, #1389, .T. ) ;
#1016 = ORIENTED_EDGE ( 'NONE', *, *, #548, .F. ) ;
#1017 = CARTESIAN_POINT ( 'NONE',  ( -1083.573102951909959, 1837.334156034344687, 20.00000000000000000 ) ) ;
#1018 = CARTESIAN_POINT ( 'NONE',  ( -1052.389196487470144, 1845.723412811759772, 17.00000000000000000 ) ) ;
#1019 = DIRECTION ( 'NONE',  ( -1.000000000000000000, 0.000000000000000000, 0.000000000000000000 ) ) ;
#1020 = DIRECTION ( 'NONE',  ( -1.000000000000000000, 0.000000000000000000, -0.000000000000000000 ) ) ;
#1021 = DIRECTION ( 'NONE',  ( 1.000000000000000000, 0.000000000000000000, 0.000000000000000000 ) ) ;
#1022 = ORIENTED_EDGE ( 'NONE', *, *, #1876, .F. ) ;
#1023 = ORIENTED_EDGE ( 'NONE', *, *, #1743, .F. ) ;
#1024 = CARTESIAN_POINT ( 'NONE',  ( -1083.573102951909959, 1837.334156034344687, 5.000000000000000888 ) ) ;
#1025 = CARTESIAN_POINT ( 'NONE',  ( -1017.732920343267665, 1771.918241229869182, 17.39331977945607477 ) ) ;
#1026 = EDGE_LOOP ( 'NONE', ( #902, #699, #783, #1720 ) ) ;
#1027 = FACE_BOUND ( 'NONE', #405, .T. ) ;
#1028 = CARTESIAN_POINT ( 'NONE',  ( -1083.447098206458577, 1868.995441141963056, 20.00000000000000000 ) ) ;
#1029 = DIRECTION ( 'NONE',  ( -0.000000000000000000, -0.000000000000000000, -1.000000000000000000 ) ) ;
#1030 = DIRECTION ( 'NONE',  ( 0.000000000000000000, 0.000000000000000000, -1.000000000000000000 ) ) ;
#1031 = VECTOR ( 'NONE', #419, 1000.000000000000000 ) ;
#1032 = ORIENTED_EDGE ( 'NONE', *, *, #814, .T. ) ;
#1033 = CIRCLE ( 'NONE', #184, 185.5787832629014531 ) ;
#1034 = AXIS2_PLACEMENT_3D ( 'NONE', #1240, #531, #1818 ) ;
#1035 = EDGE_LOOP ( 'NONE', ( #1498, #1413, #732, #484 ) ) ;
#1036 = VECTOR ( 'NONE', #1774, 1000.000000000000000 ) ;
#1037 = CARTESIAN_POINT ( 'NONE',  ( -1019.252369195481833, 1774.739974183267122, 19.38428881226622025 ) ) ;
#1038 = AXIS2_PLACEMENT_3D ( 'NONE', #1493, #154, #1302 ) ;
#1039 = CARTESIAN_POINT ( 'NONE',  ( -1043.815779367233517, 1757.918573624714327, 17.59023170250442547 ) ) ;
#1040 = EDGE_CURVE ( 'NONE', #430, #705, #788, .T. ) ;
#1041 = CARTESIAN_POINT ( 'NONE',  ( -1029.807977354526884, 1771.919483044096069, 10.00000000000000000 ) ) ;
#1042 = DIRECTION ( 'NONE',  ( 0.000000000000000000, 0.000000000000000000, -1.000000000000000000 ) ) ;
#1043 = DIRECTION ( 'NONE',  ( 0.000000000000000000, 0.000000000000000000, 1.000000000000000000 ) ) ;
#1044 = EDGE_LOOP ( 'NONE', ( #92, #1755, #744, #87 ) ) ;
#1045 = CARTESIAN_POINT ( 'NONE',  ( -1029.229570798980376, 1781.193055697302498, 19.99513751626657410 ) ) ;
#1046 = EDGE_CURVE ( 'NONE', #690, #966, #1526, .T. ) ;
#1047 = CARTESIAN_POINT ( 'NONE',  ( -1074.229675476499324, 1878.453248853427567, 20.00000000000000000 ) ) ;
#1048 = EDGE_CURVE ( 'NONE', #517, #1308, #1176, .T. ) ;
#1049 = CARTESIAN_POINT ( 'NONE',  ( -1041.720731343589932, 1879.302788458180430, 10.00000000000000000 ) ) ;
#1050 = DIRECTION ( 'NONE',  ( 0.000000000000000000, 0.000000000000000000, 1.000000000000000000 ) ) ;
#1051 = CARTESIAN_POINT ( 'NONE',  ( -1050.413777576121674, 1814.258866816416457, 20.00000000000000000 ) ) ;
#1052 = DIRECTION ( 'NONE',  ( -1.000000000000000000, 0.000000000000000000, 0.000000000000000000 ) ) ;
#1053 = DIRECTION ( 'NONE',  ( 0.2246087167563449449, -0.9744490363056798055, 0.000000000000000000 ) ) ;
#1054 = ORIENTED_EDGE ( 'NONE', *, *, #1345, .T. ) ;
#1055 = CARTESIAN_POINT ( 'NONE',  ( -1045.358113295597377, 1879.302788458180430, 5.000000000000000888 ) ) ;
#1056 = CARTESIAN_POINT ( 'NONE',  ( -1048.536297970922533, 1757.811571374520781, 19.93958341071616758 ) ) ;
#1057 = DIRECTION ( 'NONE',  ( 0.000000000000000000, 0.000000000000000000, -1.000000000000000000 ) ) ;
#1058 = VERTEX_POINT ( 'NONE', #1659 ) ;
#1059 = ORIENTED_EDGE ( 'NONE', *, *, #1349, .F. ) ;
#1060 = VECTOR ( 'NONE', #270, 1000.000000000000000 ) ;
#1061 = CARTESIAN_POINT ( 'NONE',  ( -1029.229652470077554, 1781.093334685200034, 20.00000000000000355 ) ) ;
#1062 = VECTOR ( 'NONE', #1882, 1000.000000000000000 ) ;
#1063 = AXIS2_PLACEMENT_3D ( 'NONE', #433, #1421, #1019 ) ;
#1064 = CIRCLE ( 'NONE', #717, 9.500000000000063949 ) ;
#1065 = EDGE_LOOP ( 'NONE', ( #1764, #302 ) ) ;
#1066 = ORIENTED_EDGE ( 'NONE', *, *, #988, .F. ) ;
#1067 = FACE_OUTER_BOUND ( 'NONE', #1192, .T. ) ;
#1068 = CARTESIAN_POINT ( 'NONE',  ( -1052.446643399506684, 1846.117208052306751, 18.50364579624267591 ) ) ;
#1069 = CARTESIAN_POINT ( 'NONE',  ( -1047.653319920531885, 1757.831586259789901, 19.77296840418576096 ) ) ;
#1070 = CARTESIAN_POINT ( 'NONE',  ( -1077.333024767848656, 1772.191941738128207, 20.00000000000000000 ) ) ;
#1071 = DIRECTION ( 'NONE',  ( 0.000000000000000000, 0.000000000000000000, -1.000000000000000000 ) ) ;
#1072 = DIRECTION ( 'NONE',  ( -1.000000000000000000, 0.000000000000000000, 0.000000000000000000 ) ) ;
#1073 = ORIENTED_EDGE ( 'NONE', *, *, #1121, .T. ) ;
#1074 = ORIENTED_EDGE ( 'NONE', *, *, #141, .F. ) ;
#1075 = DIRECTION ( 'NONE',  ( -0.000000000000000000, -0.000000000000000000, -1.000000000000000000 ) ) ;
#1076 = DIRECTION ( 'NONE',  ( 0.000000000000000000, 0.000000000000000000, -1.000000000000000000 ) ) ;
#1077 = DIRECTION ( 'NONE',  ( 1.000000000000000000, 0.000000000000000000, 0.000000000000000000 ) ) ;
#1078 = FACE_OUTER_BOUND ( 'NONE', #1892, .T. ) ;
#1079 = CARTESIAN_POINT ( 'NONE',  ( -1052.606993518745412, 1847.209082430475519, 19.60359803376744026 ) ) ;
#1080 = ORIENTED_EDGE ( 'NONE', *, *, #1121, .F. ) ;
#1081 = DIRECTION ( 'NONE',  ( -0.000000000000000000, -0.000000000000000000, -1.000000000000000000 ) ) ;
#1082 = PRODUCT_DEFINITION_CONTEXT ( 'detailed design', #461, 'design' ) ;
#1083 = CARTESIAN_POINT ( 'NONE',  ( -1068.833024767848656, 1772.191941738128207, 17.50000000000000000 ) ) ;
#1084 = CIRCLE ( 'NONE', #1759, 31.52649575465660092 ) ;
#1085 = DIRECTION ( 'NONE',  ( -0.000000000000000000, 0.000000000000000000, -1.000000000000000000 ) ) ;
#1086 = AXIS2_PLACEMENT_3D ( 'NONE', #1855, #1136, #834 ) ;
#1087 = DIRECTION ( 'NONE',  ( -0.000000000000000000, -0.000000000000000000, -1.000000000000000000 ) ) ;
#1088 = LINE ( 'NONE', #1710, #508 ) ;
#1089 = CARTESIAN_POINT ( 'NONE',  ( -1052.392013829493180, 1845.742762570210743, 17.39347536273830386 ) ) ;
#1090 = VERTEX_POINT ( 'NONE', #528 ) ;
#1091 = DIRECTION ( 'NONE',  ( 1.000000000000000000, 0.000000000000000000, -0.000000000000000000 ) ) ;
#1092 = VERTEX_POINT ( 'NONE', #248 ) ;
#1093 = CARTESIAN_POINT ( 'NONE',  ( -1018.731264217192802, 1771.856049255585731, 19.26019982947046927 ) ) ;
#1094 = DIRECTION ( 'NONE',  ( 0.000000000000000000, 0.000000000000000000, 1.000000000000000000 ) ) ;
#1095 = ADVANCED_FACE ( 'NONE', ( #862 ), #406, .F. ) ;
#1096 = DIRECTION ( 'NONE',  ( -0.9981352993660486117, -0.06104034861834027603, 0.000000000000000000 ) ) ;
#1097 = CARTESIAN_POINT ( 'NONE',  ( -1031.987328842966917, 1860.051619371335619, 17.00000000000000000 ) ) ;
#1098 = ORIENTED_EDGE ( 'NONE', *, *, #288, .F. ) ;
#1099 = CARTESIAN_POINT ( 'NONE',  ( -1077.045020342014368, 1855.310320854187012, 17.50000000000000000 ) ) ;
#1100 = ADVANCED_FACE ( 'NONE', ( #95 ), #398, .F. ) ;
#1101 = DIRECTION ( 'NONE',  ( 0.000000000000000000, 0.000000000000000000, -1.000000000000000000 ) ) ;
#1102 = CARTESIAN_POINT ( 'NONE',  ( -1025.504039774049261, 1771.915137767791975, 17.50000000000000000 ) ) ;
#1103 = CARTESIAN_POINT ( 'NONE',  ( -1044.389445005694142, 1879.181787613775214, 19.00823497041474752 ) ) ;
#1104 = ORIENTED_EDGE ( 'NONE', *, *, #611, .F. ) ;
#1105 = DIRECTION ( 'NONE',  ( 1.000000000000000000, 0.000000000000000000, 0.000000000000000000 ) ) ;
#1106 = CARTESIAN_POINT ( 'NONE',  ( -1044.719825267791748, 1860.077559947967757, 20.00000000000000000 ) ) ;
#1107 = DIRECTION ( 'NONE',  ( -1.000000000000000000, 0.000000000000000000, 0.000000000000000000 ) ) ;
#1108 = CARTESIAN_POINT ( 'NONE',  ( -1034.467580139172242, 1866.056232241726093, 20.00000000000000000 ) ) ;
#1109 = CARTESIAN_POINT ( 'NONE',  ( -1072.795020342014141, 1855.310320854187012, 20.00000000000000000 ) ) ;
#1110 = CIRCLE ( 'NONE', #1729, 4.250000000000087041 ) ;
#1111 = VECTOR ( 'NONE', #529, 1000.000000000000000 ) ;
#1112 = CLOSED_SHELL ( 'NONE', ( #362, #667, #17, #1156, #729, #1403, #1817, #152, #911, #1773, #635, #673, #558, #1365, #299, #1512, #645, #82, #174, #643, #524, #695, #1100, #12, #29, #482, #1680, #232, #331, #1625, #1095, #907, #297, #1502, #503, #424, #1623, #1895, #1322, #1401, #1767, #876, #408, #1718, #879, #1487, #1208, #1203, #589, #332, #86, #1716, #819, #393, #111 ) ) ;
#1113 = AXIS2_PLACEMENT_3D ( 'NONE', #272, #880, #541 ) ;
#1114 = AXIS2_PLACEMENT_3D ( 'NONE', #742, #1305, #1891 ) ;
#1115 = DIRECTION ( 'NONE',  ( -1.000000000000000000, 0.000000000000000000, 0.000000000000000000 ) ) ;
#1116 = VECTOR ( 'NONE', #1689, 999.9999999999998863 ) ;
#1117 = CIRCLE ( 'NONE', #1038, 20.00000000000001776 ) ;
#1118 = ORIENTED_EDGE ( 'NONE', *, *, #1461, .F. ) ;
#1119 = CARTESIAN_POINT ( 'NONE',  ( -1049.912230603335502, 1782.716926839900907, 17.39291412152530114 ) ) ;
#1120 = CARTESIAN_POINT ( 'NONE',  ( -1073.083024767848656, 1772.191941738128207, 20.00000000000000000 ) ) ;
#1121 = EDGE_CURVE ( 'NONE', #1092, #874, #712, .T. ) ;
#1122 = EDGE_CURVE ( 'NONE', #711, #276, #1292, .T. ) ;
#1123 = ORIENTED_EDGE ( 'NONE', *, *, #1560, .F. ) ;
#1124 = DIRECTION ( 'NONE',  ( -1.000000000000000000, 0.000000000000000000, 0.000000000000000000 ) ) ;
#1125 = CARTESIAN_POINT ( 'NONE',  ( -1049.795992817839533, 1779.737898534968053, 20.00000000000000000 ) ) ;
#1126 = LINE ( 'NONE', #130, #973 ) ;
#1127 = FACE_OUTER_BOUND ( 'NONE', #1734, .T. ) ;
#1128 = DIRECTION ( 'NONE',  ( 1.000000000000000000, 0.000000000000000000, 0.000000000000000000 ) ) ;
#1129 = ORIENTED_EDGE ( 'NONE', *, *, #141, .T. ) ;
#1130 = ORIENTED_EDGE ( 'NONE', *, *, #704, .T. ) ;
#1131 = DIRECTION ( 'NONE',  ( -0.01376762958229700747, 0.9999052216963788542, 0.000000000000000000 ) ) ;
#1132 = EDGE_LOOP ( 'NONE', ( #1455, #708 ) ) ;
#1133 = CARTESIAN_POINT ( 'NONE',  ( -1031.743288040161133, 1759.980797767639160, 17.00000000000000000 ) ) ;
#1134 = B_SPLINE_CURVE_WITH_KNOTS ( 'NONE', 3,
 ( #733, #437, #1025, #1310, #579, #1454, #1594, #1677, #1509, #1093, #1400, #376, #188, #223, #799, #967, #1798, #1815, #1390, #55 ),
 .UNSPECIFIED., .F., .F.,
 ( 4, 2, 2, 2, 2, 2, 2, 2, 2, 4 ),
 ( 0.000000000000000000, 0.0005865149972320740472, 0.001173029994464148094, 0.001759544991696221925, 0.002346059988928296189, 0.002932574986160369802, 0.003519089983392443850, 0.004105604980624517897, 0.004398862479240859581, 0.004692119977857200398 ),
 .UNSPECIFIED. ) ;
#1135 = CARTESIAN_POINT ( 'NONE',  ( -1020.254039774049375, 1771.915137767791975, 17.50000000000000000 ) ) ;
#1136 = DIRECTION ( 'NONE',  ( -0.000000000000000000, -0.000000000000000000, -1.000000000000000000 ) ) ;
#1137 = VERTEX_POINT ( 'NONE', #682 ) ;
#1138 = ORIENTED_EDGE ( 'NONE', *, *, #1319, .T. ) ;
#1139 = PLANE ( 'NONE',  #1396 ) ;
#1140 = ORIENTED_EDGE ( 'NONE', *, *, #1236, .F. ) ;
#1141 = CARTESIAN_POINT ( 'NONE',  ( -1035.788297653198242, 1849.549889564514160, 20.00000000000000000 ) ) ;
#1142 = DIRECTION ( 'NONE',  ( -0.000000000000000000, -0.000000000000000000, -1.000000000000000000 ) ) ;
#1143 = PLANE ( 'NONE',  #630 ) ;
#1144 = EDGE_CURVE ( 'NONE', #430, #1058, #1758, .T. ) ;
#1145 = EDGE_CURVE ( 'NONE', #416, #1748, #1288, .T. ) ;
#1146 = VECTOR ( 'NONE', #37, 1000.000000000000227 ) ;
#1147 = DIRECTION ( 'NONE',  ( -1.000000000000000000, 0.000000000000000000, 0.000000000000000000 ) ) ;
#1148 = CIRCLE ( 'NONE', #820, 31.52649575465660092 ) ;
#1149 = CIRCLE ( 'NONE', #631, 9.499810265491515082 ) ;
#1150 = VERTEX_POINT ( 'NONE', #1410 ) ;
#1151 = ORIENTED_EDGE ( 'NONE', *, *, #1011, .T. ) ;
#1152 = CARTESIAN_POINT ( 'NONE',  ( -1018.102895068833959, 1774.963934105512180, 17.00000000000000000 ) ) ;
#1153 = DIRECTION ( 'NONE',  ( -0.000000000000000000, -0.000000000000000000, -1.000000000000000000 ) ) ;
#1154 = DIRECTION ( 'NONE',  ( -0.9919172736975963023, -0.1268862567038999689, 0.000000000000000000 ) ) ;
#1155 = ORIENTED_EDGE ( 'NONE', *, *, #955, .T. ) ;
#1156 = ADVANCED_FACE ( 'NONE', ( #1430 ), #238, .F. ) ;
#1157 = DIRECTION ( 'NONE',  ( -1.000000000000000000, 0.000000000000000000, 0.000000000000000000 ) ) ;
#1158 = CARTESIAN_POINT ( 'NONE',  ( -1043.491721153259277, 1879.367113113403320, 20.00000000000000000 ) ) ;
#1159 = DIRECTION ( 'NONE',  ( -0.000000000000000000, -0.000000000000000000, -1.000000000000000000 ) ) ;
#1160 = EDGE_CURVE ( 'NONE', #1608, #674, #1285, .T. ) ;
#1161 = CARTESIAN_POINT ( 'NONE',  ( -1018.102895068833732, 1774.963934105511953, 17.19832195597243185 ) ) ;
#1162 = ORIENTED_EDGE ( 'NONE', *, *, #1845, .F. ) ;
#1163 = ORIENTED_EDGE ( 'NONE', *, *, #267, .T. ) ;
#1164 = ORIENTED_EDGE ( 'NONE', *, *, #425, .T. ) ;
#1165 = DIRECTION ( 'NONE',  ( -1.000000000000000000, 0.000000000000000000, 0.000000000000000000 ) ) ;
#1166 = FACE_OUTER_BOUND ( 'NONE', #1595, .T. ) ;
#1167 = DIRECTION ( 'NONE',  ( 0.000000000000000000, 0.000000000000000000, 1.000000000000000000 ) ) ;
#1168 = VERTEX_POINT ( 'NONE', #1108 ) ;
#1169 = ORIENTED_EDGE ( 'NONE', *, *, #671, .F. ) ;
#1170 = CARTESIAN_POINT ( 'NONE',  ( -1072.795020342014141, 1855.310320854187012, 20.00000000000000000 ) ) ;
#1171 = ORIENTED_EDGE ( 'NONE', *, *, #474, .F. ) ;
#1172 = EDGE_CURVE ( 'NONE', #1425, #678, #557, .T. ) ;
#1173 = CARTESIAN_POINT ( 'NONE',  ( -1019.574638909026135, 1774.676432341556620, 19.60342613007206225 ) ) ;
#1174 = CARTESIAN_POINT ( 'NONE',  ( -1046.920450742036110, 1879.265174207666632, 20.00000000000000355 ) ) ;
#1175 = DIRECTION ( 'NONE',  ( 0.000000000000000000, 0.000000000000000000, 1.000000000000000000 ) ) ;
#1176 = CIRCLE ( 'NONE', #1206, 4.250000000000087041 ) ;
#1177 = AXIS2_PLACEMENT_3D ( 'NONE', #68, #669, #1115 ) ;
#1178 = ORIENTED_EDGE ( 'NONE', *, *, #1656, .F. ) ;
#1179 = FACE_OUTER_BOUND ( 'NONE', #1556, .T. ) ;
#1180 = PRODUCT_DEFINITION_SHAPE ( 'NONE', 'NONE',  #273 ) ;
#1181 = DIRECTION ( 'NONE',  ( -1.000000000000000000, 0.000000000000000000, 0.000000000000000000 ) ) ;
#1182 = AXIS2_PLACEMENT_3D ( 'NONE', #1629, #1053, #312 ) ;
#1183 = AXIS2_PLACEMENT_3D ( 'NONE', #1690, #1246, #984 ) ;
#1184 = ORIENTED_EDGE ( 'NONE', *, *, #1660, .T. ) ;
#1185 = AXIS2_PLACEMENT_3D ( 'NONE', #45, #969, #76 ) ;
#1186 = VECTOR ( 'NONE', #1861, 1000.000000000000000 ) ;
#1187 = CARTESIAN_POINT ( 'NONE',  ( -1029.229515368500415, 1781.389268004943006, 19.97578691015061736 ) ) ;
#1188 = EDGE_CURVE ( 'NONE', #264, #1308, #869, .T. ) ;
#1189 = CARTESIAN_POINT ( 'NONE',  ( -1030.995946957623573, 1860.051619371335619, 17.50000000000000000 ) ) ;
#1190 = CARTESIAN_POINT ( 'NONE',  ( -1031.743288040161133, 1759.980797767639160, 20.00000000000000000 ) ) ;
#1191 = FACE_OUTER_BOUND ( 'NONE', #144, .T. ) ;
#1192 = EDGE_LOOP ( 'NONE', ( #865, #1059, #1777, #896 ) ) ;
#1193 = ORIENTED_EDGE ( 'NONE', *, *, #1825, .F. ) ;
#1194 = CARTESIAN_POINT ( 'NONE',  ( -1029.231417492007040, 1782.502441819431169, 19.60316780017702953 ) ) ;
#1195 = CARTESIAN_POINT ( 'NONE',  ( -1046.780755180678398, 1757.851365101574629, 19.54054692951373440 ) ) ;
#1196 = CARTESIAN_POINT ( 'NONE',  ( -1018.402164131219479, 1774.905998738212702, 18.33092269357318926 ) ) ;
#1197 = DIRECTION ( 'NONE',  ( -0.000000000000000000, -0.000000000000000000, -1.000000000000000000 ) ) ;
#1198 = VERTEX_POINT ( 'NONE', #570 ) ;
#1199 = VERTEX_POINT ( 'NONE', #540 ) ;
#1200 = DIRECTION ( 'NONE',  ( -1.000000000000000000, 0.000000000000000000, 0.000000000000000000 ) ) ;
#1201 = CARTESIAN_POINT ( 'NONE',  ( -1043.678045272827148, 1757.921695709228516, 17.00000000000000000 ) ) ;
#1202 = CARTESIAN_POINT ( 'NONE',  ( -1063.295020342014141, 1855.310320854187012, 17.50000000000000000 ) ) ;
#1203 = ADVANCED_FACE ( 'NONE', ( #1347 ), #1482, .T. ) ;
#1204 = DIRECTION ( 'NONE',  ( 1.000000000000000000, 0.000000000000000000, 0.000000000000000000 ) ) ;
#1205 = VERTEX_POINT ( 'NONE', #641 ) ;
#1206 = AXIS2_PLACEMENT_3D ( 'NONE', #1220, #1076, #938 ) ;
#1207 = FACE_OUTER_BOUND ( 'NONE', #1846, .T. ) ;
#1208 = ADVANCED_FACE ( 'NONE', ( #632 ), #469, .T. ) ;
#1209 = CIRCLE ( 'NONE', #1602, 8.508618114656751885 ) ;
#1210 = VECTOR ( 'NONE', #1261, 999.9999999999998863 ) ;
#1211 = EDGE_CURVE ( 'NONE', #1627, #711, #764, .T. ) ;
#1212 = CIRCLE ( 'NONE', #323, 4.250000000000087041 ) ;
#1213 = DIRECTION ( 'NONE',  ( 0.000000000000000000, 0.000000000000000000, -1.000000000000000000 ) ) ;
#1214 = CARTESIAN_POINT ( 'NONE',  ( -1041.964195290686348, 1877.833544434951364, 20.00000000000000000 ) ) ;
#1215 = CARTESIAN_POINT ( 'NONE',  ( -1040.495946957623573, 1860.051619371335619, 17.50000000000000000 ) ) ;
#1216 = ORIENTED_EDGE ( 'NONE', *, *, #751, .T. ) ;
#1217 = ORIENTED_EDGE ( 'NONE', *, *, #1492, .T. ) ;
#1218 = CARTESIAN_POINT ( 'NONE',  ( -1045.655290077765585, 1879.302788458180430, 10.00000000000000000 ) ) ;
#1219 = DIRECTION ( 'NONE',  ( 0.000000000000000000, -0.000000000000000000, 1.000000000000000000 ) ) ;
#1220 = CARTESIAN_POINT ( 'NONE',  ( -1072.795020342014141, 1855.310320854187012, 17.50000000000000000 ) ) ;
#1221 = CARTESIAN_POINT ( 'NONE',  ( -1074.229675476499324, 1878.453248853427567, 20.00000000000000000 ) ) ;
#1222 = CARTESIAN_POINT ( 'NONE',  ( -1029.056175867292040, 1781.006229248996533, 17.00000000000000000 ) ) ;
#1223 = CARTESIAN_POINT ( 'NONE',  ( -1052.770378307200644, 1848.311189107153268, 19.97580841201717305 ) ) ;
#1224 = EDGE_LOOP ( 'NONE', ( #1287, #60, #768, #19 ) ) ;
#1225 = FACE_OUTER_BOUND ( 'NONE', #1398, .T. ) ;
#1226 = EDGE_CURVE ( 'NONE', #1463, #594, #216, .T. ) ;
#1227 = CARTESIAN_POINT ( 'NONE',  ( -1082.583024767848656, 1772.191941738128207, 17.50000000000000000 ) ) ;
#1228 = DIRECTION ( 'NONE',  ( 0.000000000000000000, -1.000000000000000000, 0.000000000000000000 ) ) ;
#1229 = CARTESIAN_POINT ( 'NONE',  ( -1052.828491392159776, 1848.700818942899787, 20.00000000000000000 ) ) ;
#1230 = ORIENTED_EDGE ( 'NONE', *, *, #838, .F. ) ;
#1231 = DIRECTION ( 'NONE',  ( 0.000000000000000000, 0.000000000000000000, -1.000000000000000000 ) ) ;
#1232 = EDGE_LOOP ( 'NONE', ( #752, #356 ) ) ;
#1233 = EDGE_CURVE ( 'NONE', #1649, #395, #999, .T. ) ;
#1234 = AXIS2_PLACEMENT_3D ( 'NONE', #1561, #1278, #240 ) ;
#1235 = LINE ( 'NONE', #520, #504 ) ;
#1236 = EDGE_CURVE ( 'NONE', #1001, #544, #1382, .T. ) ;
#1237 = CARTESIAN_POINT ( 'NONE',  ( -1045.506701686681936, 1874.304996796852720, 10.00000000000000000 ) ) ;
#1238 = VECTOR ( 'NONE', #1159, 1000.000000000000000 ) ;
#1239 = AXIS2_PLACEMENT_3D ( 'NONE', #1521, #1741, #1020 ) ;
#1240 = CARTESIAN_POINT ( 'NONE',  ( -1085.924863780605619, 1766.551015240923334, 20.00000000000000000 ) ) ;
#1241 = ORIENTED_EDGE ( 'NONE', *, *, #1377, .F. ) ;
#1242 = DIRECTION ( 'NONE',  ( 0.000000000000000000, 0.000000000000000000, 1.000000000000000000 ) ) ;
#1243 = ORIENTED_EDGE ( 'NONE', *, *, #1377, .T. ) ;
#1244 = CARTESIAN_POINT ( 'NONE',  ( -1045.655290077765585, 1879.302788458180430, 5.000000000000000000 ) ) ;
#1245 = DIRECTION ( 'NONE',  ( -1.000000000000000000, 0.000000000000000000, 0.000000000000000000 ) ) ;
#1246 = DIRECTION ( 'NONE',  ( 0.000000000000000000, 0.000000000000000000, -1.000000000000000000 ) ) ;
#1247 = CARTESIAN_POINT ( 'NONE',  ( -1049.826754958060519, 1780.518848415536468, 19.90319077979873441 ) ) ;
#1248 = ORIENTED_EDGE ( 'NONE', *, *, #909, .F. ) ;
#1249 = CARTESIAN_POINT ( 'NONE',  ( -1085.924863780605619, 1766.551015240923334, 5.000000000000000888 ) ) ;
#1250 = EDGE_LOOP ( 'NONE', ( #1578, #794, #842, #1416 ) ) ;
#1251 = LINE ( 'NONE', #675, #686 ) ;
#1252 = CARTESIAN_POINT ( 'NONE',  ( -1029.754039774049488, 1771.915137767791975, 17.50000000000000000 ) ) ;
#1253 = LINE ( 'NONE', #523, #656 ) ;
#1254 = EDGE_CURVE ( 'NONE', #1608, #234, #1871, .T. ) ;
#1255 = ORIENTED_EDGE ( 'NONE', *, *, #1796, .T. ) ;
#1256 = EDGE_LOOP ( 'NONE', ( #837, #774, #1323, #1376, #227 ) ) ;
#1257 = DIRECTION ( 'NONE',  ( 0.000000000000000000, 0.000000000000000000, 1.000000000000000000 ) ) ;
#1258 = AXIS2_PLACEMENT_3D ( 'NONE', #358, #337, #930 ) ;
#1259 = AXIS2_PLACEMENT_3D ( 'NONE', #619, #36, #1219 ) ;
#1260 = AXIS2_PLACEMENT_3D ( 'NONE', #749, #1326, #1147 ) ;
#1261 = DIRECTION ( 'NONE',  ( 0.9981352993660487227, 0.06104034861834028991, -0.000000000000000000 ) ) ;
#1262 = ORIENTED_EDGE ( 'NONE', *, *, #252, .T. ) ;
#1263 = ORIENTED_EDGE ( 'NONE', *, *, #1349, .T. ) ;
#1264 = PLANE ( 'NONE',  #1182 ) ;
#1265 = ORIENTED_EDGE ( 'NONE', *, *, #450, .F. ) ;
#1266 = CARTESIAN_POINT ( 'NONE',  ( -1031.740860488058388, 1760.000094811269037, 17.39296735147980755 ) ) ;
#1267 = DIRECTION ( 'NONE',  ( -0.000000000000000000, -0.000000000000000000, -1.000000000000000000 ) ) ;
#1268 = CARTESIAN_POINT ( 'NONE',  ( -1072.795020342014141, 1855.310320854187012, 20.00000000000000000 ) ) ;
#1269 = LINE ( 'NONE', #714, #600 ) ;
#1270 = ORIENTED_EDGE ( 'NONE', *, *, #450, .T. ) ;
#1271 = ORIENTED_EDGE ( 'NONE', *, *, #771, .T. ) ;
#1272 = CYLINDRICAL_SURFACE ( 'NONE', #1534, 9.499810265491515082 ) ;
#1273 = ORIENTED_EDGE ( 'NONE', *, *, #1796, .F. ) ;
#1274 =( NAMED_UNIT ( * ) SI_UNIT ( $, .STERADIAN. ) SOLID_ANGLE_UNIT ( ) );
#1275 = CARTESIAN_POINT ( 'NONE',  ( -1031.731334844167577, 1760.075700049710349, 17.77626817534708081 ) ) ;
#1276 = EDGE_CURVE ( 'NONE', #1618, #964, #1730, .T. ) ;
#1277 = PLANE ( 'NONE',  #1113 ) ;
#1278 = DIRECTION ( 'NONE',  ( 0.000000000000000000, 0.000000000000000000, 1.000000000000000000 ) ) ;
#1279 = DIRECTION ( 'NONE',  ( 1.000000000000000000, 0.000000000000000000, 0.000000000000000000 ) ) ;
#1280 = ADVANCED_BREP_SHAPE_REPRESENTATION ( '00 DerniÞre Version renfort 02a 02j By Bolino08C', ( #683, #1420 ), #63 ) ;
#1281 = ORIENTED_EDGE ( 'NONE', *, *, #325, .T. ) ;
#1282 = ORIENTED_EDGE ( 'NONE', *, *, #1046, .F. ) ;
#1283 = DIRECTION ( 'NONE',  ( 0.000000000000000000, 0.000000000000000000, -1.000000000000000000 ) ) ;
#1284 = FACE_OUTER_BOUND ( 'NONE', #519, .T. ) ;
#1285 = B_SPLINE_CURVE_WITH_KNOTS ( 'NONE', 3,
 ( #1833, #230, #706, #1443, #724, #1726, #1437, #847, #1867, #121, #1417, #1569, #1275, #1266, #546, #1133 ),
 .UNSPECIFIED., .F., .F.,
 ( 4, 2, 2, 2, 2, 2, 2, 4 ),
 ( -3.946835814794972858E-05, 0.001142883387310115540, 0.001734059260038878269, 0.002325235132767641214, 0.002916411005496404377, 0.003507586878225167105, 0.004098762750953929834, 0.004689938623682692563 ),
 .UNSPECIFIED. ) ;
#1286 = LINE ( 'NONE', #415, #888 ) ;
#1287 = ORIENTED_EDGE ( 'NONE', *, *, #773, .T. ) ;
#1288 = LINE ( 'NONE', #878, #850 ) ;
#1289 = EDGE_CURVE ( 'NONE', #215, #718, #1148, .T. ) ;
#1290 = DIRECTION ( 'NONE',  ( -0.000000000000000000, -0.000000000000000000, -1.000000000000000000 ) ) ;
#1291 = CARTESIAN_POINT ( 'NONE',  ( -1043.678045272827148, 1757.921695709228516, 20.00000000000000000 ) ) ;
#1292 = CIRCLE ( 'NONE', #532, 158.1838651449149893 ) ;
#1293 = DIRECTION ( 'NONE',  ( 0.000000000000000000, 0.000000000000000000, -1.000000000000000000 ) ) ;
#1294 = CIRCLE ( 'NONE', #478, 9.500000000000063949 ) ;
#1295 = VECTOR ( 'NONE', #961, 1000.000000000000000 ) ;
#1296 = ORIENTED_EDGE ( 'NONE', *, *, #1848, .T. ) ;
#1297 = ORIENTED_EDGE ( 'NONE', *, *, #1319, .F. ) ;
#1298 = CIRCLE ( 'NONE', #1573, 9.500000000000063949 ) ;
#1299 = AXIS2_PLACEMENT_3D ( 'NONE', #957, #1789, #1812 ) ;
#1300 = DIRECTION ( 'NONE',  ( -0.000000000000000000, -0.000000000000000000, -1.000000000000000000 ) ) ;
#1301 = ORIENTED_EDGE ( 'NONE', *, *, #525, .T. ) ;
#1302 = DIRECTION ( 'NONE',  ( 1.000000000000000000, 0.000000000000000000, 0.000000000000000000 ) ) ;
#1303 = DIRECTION ( 'NONE',  ( -1.000000000000000000, 0.000000000000000000, -0.000000000000000000 ) ) ;
#1304 = CYLINDRICAL_SURFACE ( 'NONE', #1063, 23.50658233326652180 ) ;
#1305 = DIRECTION ( 'NONE',  ( -0.000000000000000000, -0.000000000000000000, -1.000000000000000000 ) ) ;
#1306 = EDGE_CURVE ( 'NONE', #167, #875, #319, .T. ) ;
#1307 = ORIENTED_EDGE ( 'NONE', *, *, #116, .F. ) ;
#1308 = VERTEX_POINT ( 'NONE', #346 ) ;
#1309 = CARTESIAN_POINT ( 'NONE',  ( -1072.795020342014141, 1855.310320854187012, 5.000000000000000888 ) ) ;
#1310 = CARTESIAN_POINT ( 'NONE',  ( -1017.809209593880610, 1771.913393225356231, 17.77694031952328757 ) ) ;
#1311 = FACE_OUTER_BOUND ( 'NONE', #634, .T. ) ;
#1312 = ORIENTED_EDGE ( 'NONE', *, *, #1576, .F. ) ;
#1313 = CARTESIAN_POINT ( 'NONE',  ( -1020.956871008233293, 1774.399641363950423, 20.00000000000001066 ) ) ;
#1314 = FILL_AREA_STYLE ('',( #138 ) ) ;
#1315 = CARTESIAN_POINT ( 'NONE',  ( -1073.947363171909501, 1868.957634347614203, 20.00000000000000000 ) ) ;
#1316 = CARTESIAN_POINT ( 'NONE',  ( -1040.495946957623573, 1860.051619371335619, 20.00000000000000000 ) ) ;
#1317 = EDGE_CURVE ( 'NONE', #471, #662, #800, .T. ) ;
#1318 = FACE_OUTER_BOUND ( 'NONE', #700, .T. ) ;
#1319 = EDGE_CURVE ( 'NONE', #746, #1092, #1294, .T. ) ;
#1320 = VERTEX_POINT ( 'NONE', #1125 ) ;
#1321 = DIRECTION ( 'NONE',  ( 1.000000000000000000, 0.000000000000000000, 0.000000000000000000 ) ) ;
#1322 = ADVANCED_FACE ( 'NONE', ( #1460, #1166 ), #1277, .T. ) ;
#1323 = ORIENTED_EDGE ( 'NONE', *, *, #1562, .F. ) ;
#1324 = CARTESIAN_POINT ( 'NONE',  ( -1020.666716676120927, 1774.458353951528807, 19.97580586979412942 ) ) ;
#1325 = LINE ( 'NONE', #1190, #382 ) ;
#1326 = DIRECTION ( 'NONE',  ( 0.000000000000000000, 0.000000000000000000, -1.000000000000000000 ) ) ;
#1327 = AXIS2_PLACEMENT_3D ( 'NONE', #391, #1362, #1077 ) ;
#1328 = VERTEX_POINT ( 'NONE', #1018 ) ;
#1329 = CIRCLE ( 'NONE', #159, 4.250000000000087041 ) ;
#1330 = EDGE_LOOP ( 'NONE', ( #651, #1736, #903, #372 ) ) ;
#1331 = AXIS2_PLACEMENT_3D ( 'NONE', #986, #381, #371 ) ;
#1332 = AXIS2_PLACEMENT_3D ( 'NONE', #107, #537, #236 ) ;
#1333 = LINE ( 'NONE', #755, #968 ) ;
#1334 = CARTESIAN_POINT ( 'NONE',  ( -1040.469825267791748, 1860.077559947967757, 20.00000000000000000 ) ) ;
#1335 = CARTESIAN_POINT ( 'NONE',  ( -1044.170648843047957, 1757.910529628784388, 18.08296080405757067 ) ) ;
#1336 = CARTESIAN_POINT ( 'NONE',  ( -1036.510127833643764, 1851.663008198663420, 19.90384794425268211 ) ) ;
#1337 = CARTESIAN_POINT ( 'NONE',  ( -1047.069730036818100, 1782.910226006594257, 10.00000000000000000 ) ) ;
#1338 = APPLICATION_CONTEXT ( 'automotive_design' ) ;
#1339 = CARTESIAN_POINT ( 'NONE',  ( -1018.707115051181518, 1774.846698577449615, 18.82933273843542921 ) ) ;
#1340 = ORIENTED_EDGE ( 'NONE', *, *, #115, .T. ) ;
#1341 = CARTESIAN_POINT ( 'NONE',  ( -1017.713448278113788, 1771.919483044095614, 10.00000000000000000 ) ) ;
#1342 = VERTEX_POINT ( 'NONE', #251 ) ;
#1343 = CARTESIAN_POINT ( 'NONE',  ( -1021.052665383984845, 1774.380168196692011, 20.00000000000000000 ) ) ;
#1344 = DIRECTION ( 'NONE',  ( 0.000000000000000000, 0.000000000000000000, 1.000000000000000000 ) ) ;
#1345 = EDGE_CURVE ( 'NONE', #375, #705, #758, .T. ) ;
#1346 = LINE ( 'NONE', #1890, #1036 ) ;
#1347 = FACE_OUTER_BOUND ( 'NONE', #1026, .T. ) ;
#1348 = ORIENTED_EDGE ( 'NONE', *, *, #1306, .F. ) ;
#1349 = EDGE_CURVE ( 'NONE', #1058, #375, #1431, .T. ) ;
#1350 = ORIENTED_EDGE ( 'NONE', *, *, #1160, .T. ) ;
#1351 = DIRECTION ( 'NONE',  ( -0.000000000000000000, -0.000000000000000000, -1.000000000000000000 ) ) ;
#1352 = CARTESIAN_POINT ( 'NONE',  ( -1044.068386538877576, 1757.912847657284146, 17.96859974509837343 ) ) ;
#1353 = CARTESIAN_POINT ( 'NONE',  ( -1035.986039269586399, 1850.136210072000495, 18.83136218262056261 ) ) ;
#1354 = ORIENTED_EDGE ( 'NONE', *, *, #830, .T. ) ;
#1355 = AXIS2_PLACEMENT_3D ( 'NONE', #1707, #1738, #1124 ) ;
#1356 = VERTEX_POINT ( 'NONE', #407 ) ;
#1357 = AXIS2_PLACEMENT_3D ( 'NONE', #326, #1490, #168 ) ;
#1358 = CARTESIAN_POINT ( 'NONE',  ( -1077.045020342014368, 1855.310320854187012, 20.00000000000000000 ) ) ;
#1359 = CIRCLE ( 'NONE', #451, 4.250000000000087041 ) ;
#1360 = AXIS2_PLACEMENT_3D ( 'NONE', #1575, #1732, #1279 ) ;
#1361 = DIRECTION ( 'NONE',  ( -0.000000000000000000, -0.000000000000000000, -1.000000000000000000 ) ) ;
#1362 = DIRECTION ( 'NONE',  ( -0.000000000000000000, 0.000000000000000000, -1.000000000000000000 ) ) ;
#1363 = CARTESIAN_POINT ( 'NONE',  ( -1041.964195290686348, 1877.833544434951364, 17.00000000000000000 ) ) ;
#1364 = CARTESIAN_POINT ( 'NONE',  ( -1052.756008622620357, 1848.214648617733928, 19.96135141068430130 ) ) ;
#1365 = ADVANCED_FACE ( 'NONE', ( #1009 ), #1143, .F. ) ;
#1366 = ORIENTED_EDGE ( 'NONE', *, *, #737, .T. ) ;
#1367 = CARTESIAN_POINT ( 'NONE',  ( -1040.495946957623573, 1860.051619371335619, 20.00000000000000000 ) ) ;
#1368 = CARTESIAN_POINT ( 'NONE',  ( -1047.604225032177055, 1879.244845044603835, 20.00000000000000000 ) ) ;
#1369 = EDGE_CURVE ( 'NONE', #1626, #1586, #1033, .T. ) ;
#1370 = DIRECTION ( 'NONE',  ( -0.7057095276197172806, 0.7085012791990961123, 0.000000000000000000 ) ) ;
#1371 = CARTESIAN_POINT ( 'NONE',  ( -1050.413777576121447, 1814.258866816416685, 10.00000000000000000 ) ) ;
#1372 = CARTESIAN_POINT ( 'NONE',  ( -1049.803701149596463, 1779.933053877806060, 19.99999999999999645 ) ) ;
#1373 = CARTESIAN_POINT ( 'NONE',  ( -1052.403058981930599, 1845.818562726697110, 17.77722851585960484 ) ) ;
#1374 = EDGE_CURVE ( 'NONE', #401, #1862, #417, .T. ) ;
#1375 = VERTEX_POINT ( 'NONE', #713 ) ;
#1376 = ORIENTED_EDGE ( 'NONE', *, *, #192, .F. ) ;
#1377 = EDGE_CURVE ( 'NONE', #1432, #674, #32, .T. ) ;
#1378 = DIRECTION ( 'NONE',  ( -0.9744490363056798055, -0.2246087167563449449, 0.000000000000000000 ) ) ;
#1379 = EDGE_LOOP ( 'NONE', ( #1348, #1635, #1776, #427 ) ) ;
#1380 = CARTESIAN_POINT ( 'NONE',  ( -1068.833024767848656, 1772.191941738128207, 20.00000000000000000 ) ) ;
#1381 = DIRECTION ( 'NONE',  ( 0.000000000000000000, 0.000000000000000000, 1.000000000000000000 ) ) ;
#1382 = LINE ( 'NONE', #1671, #61 ) ;
#1383 = CARTESIAN_POINT ( 'NONE',  ( -1029.807977354527111, 1771.919483044095614, 17.00000000000000000 ) ) ;
#1384 = DIRECTION ( 'NONE',  ( 0.000000000000000000, 0.000000000000000000, -1.000000000000000000 ) ) ;
#1385 = CARTESIAN_POINT ( 'NONE',  ( -1052.389196487470372, 1845.723412811759772, 17.19840390811356201 ) ) ;
#1386 = ORIENTED_EDGE ( 'NONE', *, *, #1427, .F. ) ;
#1387 = CARTESIAN_POINT ( 'NONE',  ( -1029.807977354527111, 1771.919483044095614, 20.00000000000000000 ) ) ;
#1388 = VERTEX_POINT ( 'NONE', #1869 ) ;
#1389 = CIRCLE ( 'NONE', #1258, 4.250000000000087041 ) ;
#1390 = CARTESIAN_POINT ( 'NONE',  ( -1020.617570019948062, 1771.747198774769004, 20.00000000000001066 ) ) ;
#1391 = AXIS2_PLACEMENT_3D ( 'NONE', #441, #1029, #1599 ) ;
#1392 = CARTESIAN_POINT ( 'NONE',  ( -1077.045020342014368, 1855.310320854187012, 20.00000000000000000 ) ) ;
#1393 = AXIS2_PLACEMENT_3D ( 'NONE', #462, #1030, #872 ) ;
#1394 = CARTESIAN_POINT ( 'NONE',  ( -1040.495946957623573, 1860.051619371335619, 5.000000000000000888 ) ) ;
#1395 = TOROIDAL_SURFACE ( 'NONE', #661, 9.094529076412918300, 3.000000000000000000 ) ;
#1396 = AXIS2_PLACEMENT_3D ( 'NONE', #1713, #1154, #218 ) ;
#1397 = DIRECTION ( 'NONE',  ( 1.000000000000000000, 0.000000000000000000, 0.000000000000000000 ) ) ;
#1398 = EDGE_LOOP ( 'NONE', ( #1013, #716, #958, #465, #1735, #1664, #995, #472, #554, #301, #1340, #1711, #327, #1032, #1155, #1217, #402 ) ) ;
#1399 = ORIENTED_EDGE ( 'NONE', *, *, #410, .F. ) ;
#1400 = CARTESIAN_POINT ( 'NONE',  ( -1018.882284548741950, 1771.846884235094194, 19.38428881226623091 ) ) ;
#1401 = ADVANCED_FACE ( 'NONE', ( #1558, #992 ), #574, .T. ) ;
#1402 = DIRECTION ( 'NONE',  ( 1.000000000000000000, 0.000000000000000000, 0.000000000000000000 ) ) ;
#1403 = ADVANCED_FACE ( 'NONE', ( #432 ), #1589, .F. ) ;
#1404 = DIRECTION ( 'NONE',  ( -0.02266165650590860198, 0.9997431916869493618, 0.000000000000000000 ) ) ;
#1405 = CYLINDRICAL_SURFACE ( 'NONE', #693, 12.09452907641295205 ) ;
#1406 = ORIENTED_EDGE ( 'NONE', *, *, #1254, .F. ) ;
#1407 = CARTESIAN_POINT ( 'NONE',  ( -1049.912978181443577, 1782.736348919924239, 17.19811219339230135 ) ) ;
#1408 = FILL_AREA_STYLE_COLOUR ( '', #1699 ) ;
#1409 = VERTEX_POINT ( 'NONE', #698 ) ;
#1410 = CARTESIAN_POINT ( 'NONE',  ( -1031.743288040161133, 1759.980797767639160, 5.000000000000000888 ) ) ;
#1411 = FACE_BOUND ( 'NONE', #1132, .T. ) ;
#1412 = CYLINDRICAL_SURFACE ( 'NONE', #1086, 4.250000000000087041 ) ;
#1413 = ORIENTED_EDGE ( 'NONE', *, *, #993, .T. ) ;
#1414 = ORIENTED_EDGE ( 'NONE', *, *, #361, .T. ) ;
#1415 = SURFACE_SIDE_STYLE ('',( #89 ) ) ;
#1416 = ORIENTED_EDGE ( 'NONE', *, *, #1837, .F. ) ;
#1417 = CARTESIAN_POINT ( 'NONE',  ( -1031.705241214936905, 1760.282312777168727, 18.32991581005813941 ) ) ;
#1418 = CIRCLE ( 'NONE', #1177, 9.500000000000063949 ) ;
#1419 = AXIS2_PLACEMENT_3D ( 'NONE', #1316, #898, #315 ) ;
#1420 = AXIS2_PLACEMENT_3D ( 'NONE', #1737, #1706, #440 ) ;
#1421 = DIRECTION ( 'NONE',  ( -0.000000000000000000, -0.000000000000000000, -1.000000000000000000 ) ) ;
#1422 = CARTESIAN_POINT ( 'NONE',  ( -1029.807977354526884, 1771.919483044096069, 20.00000000000000000 ) ) ;
#1423 = EDGE_CURVE ( 'NONE', #1850, #932, #893, .T. ) ;
#1424 = ORIENTED_EDGE ( 'NONE', *, *, #1577, .F. ) ;
#1425 = VERTEX_POINT ( 'NONE', #1717 ) ;
#1426 = CARTESIAN_POINT ( 'NONE',  ( -1029.239296913146973, 1784.000635147094727, 17.00000000000000000 ) ) ;
#1427 = EDGE_CURVE ( 'NONE', #644, #136, #453, .T. ) ;
#1428 = ORIENTED_EDGE ( 'NONE', *, *, #981, .F. ) ;
#1429 =( LENGTH_UNIT ( ) NAMED_UNIT ( * ) SI_UNIT ( .MILLI., .METRE. ) );
#1430 = FACE_OUTER_BOUND ( 'NONE', #765, .T. ) ;
#1431 = LINE ( 'NONE', #1728, #1448 ) ;
#1432 = VERTEX_POINT ( 'NONE', #296 ) ;
#1433 = ORIENTED_EDGE ( 'NONE', *, *, #727, .F. ) ;
#1434 = FACE_OUTER_BOUND ( 'NONE', #412, .T. ) ;
#1435 = ORIENTED_EDGE ( 'NONE', *, *, #830, .F. ) ;
#1436 =( NAMED_UNIT ( * ) PLANE_ANGLE_UNIT ( ) SI_UNIT ( $, .RADIAN. ) );
#1437 = CARTESIAN_POINT ( 'NONE',  ( -1031.615127768028742, 1760.989833775347961, 19.25918900808424539 ) ) ;
#1438 = CARTESIAN_POINT ( 'NONE',  ( -1199.520107816890004, 1809.146131358044840, 5.000000000000000000 ) ) ;
#1439 = DIRECTION ( 'NONE',  ( 0.1268862567038999689, -0.9919172736975963023, 0.000000000000000000 ) ) ;
#1440 = ORIENTED_EDGE ( 'NONE', *, *, #727, .T. ) ;
#1441 = EDGE_LOOP ( 'NONE', ( #1297, #553, #1178, #1080 ) ) ;
#1442 = ORIENTED_EDGE ( 'NONE', *, *, #1276, .F. ) ;
#1443 = CARTESIAN_POINT ( 'NONE',  ( -1031.531531479018668, 1761.637814005600148, 19.69585101669316529 ) ) ;
#1444 = DIRECTION ( 'NONE',  ( -0.7085012791990961123, -0.7057095276197172806, 0.000000000000000000 ) ) ;
#1445 = CIRCLE ( 'NONE', #1299, 4.250000000000087041 ) ;
#1446 = VECTOR ( 'NONE', #487, 1000.000000000000000 ) ;
#1447 = DIRECTION ( 'NONE',  ( -1.000000000000000000, 0.000000000000000000, 0.000000000000000000 ) ) ;
#1448 = VECTOR ( 'NONE', #1267, 1000.000000000000000 ) ;
#1449 = VECTOR ( 'NONE', #970, 1000.000000000000000 ) ;
#1450 = EDGE_LOOP ( 'NONE', ( #1273, #246, #74, #777 ) ) ;
#1451 = ORIENTED_EDGE ( 'NONE', *, *, #702, .T. ) ;
#1452 =( GEOMETRIC_REPRESENTATION_CONTEXT ( 3 ) GLOBAL_UNCERTAINTY_ASSIGNED_CONTEXT ( ( #567 ) ) GLOBAL_UNIT_ASSIGNED_CONTEXT ( ( #1429, #1436, #1274 ) ) REPRESENTATION_CONTEXT ( 'NONE', 'WORKASPACE' ) );
#1453 = CIRCLE ( 'NONE', #1332, 23.50658233326652180 ) ;
#1454 = CARTESIAN_POINT ( 'NONE',  ( -1018.017664371853925, 1771.900220469118722, 18.33092269357316084 ) ) ;
#1455 = ORIENTED_EDGE ( 'NONE', *, *, #387, .F. ) ;
#1456 = EDGE_CURVE ( 'NONE', #709, #1342, #1359, .T. ) ;
#1457 = CARTESIAN_POINT ( 'NONE',  ( -1029.229534930460204, 1781.486813096584683, 19.96131379983668452 ) ) ;
#1458 =( LENGTH_UNIT ( ) NAMED_UNIT ( * ) SI_UNIT ( .MILLI., .METRE. ) );
#1459 = DIRECTION ( 'NONE',  ( 1.000000000000000000, 0.000000000000000000, 0.000000000000000000 ) ) ;
#1460 = FACE_BOUND ( 'NONE', #1065, .T. ) ;
#1461 = EDGE_CURVE ( 'NONE', #978, #1691, #349, .T. ) ;
#1462 = LINE ( 'NONE', #291, #1186 ) ;
#1463 = VERTEX_POINT ( 'NONE', #1189 ) ;
#1464 = DIRECTION ( 'NONE',  ( -1.000000000000000000, 0.000000000000000000, 0.000000000000000000 ) ) ;
#1465 = ORIENTED_EDGE ( 'NONE', *, *, #668, .F. ) ;
#1466 = FACE_BOUND ( 'NONE', #178, .T. ) ;
#1467 = DIRECTION ( 'NONE',  ( 1.000000000000000000, 0.000000000000000000, 0.000000000000000000 ) ) ;
#1468 = FACE_OUTER_BOUND ( 'NONE', #1525, .T. ) ;
#1469 = DIRECTION ( 'NONE',  ( 0.9919172736976001881, 0.1268862567038694100, 0.000000000000000000 ) ) ;
#1470 = CYLINDRICAL_SURFACE ( 'NONE', #1810, 158.1838651449149893 ) ;
#1471 = DIRECTION ( 'NONE',  ( 0.000000000000000000, 0.000000000000000000, -1.000000000000000000 ) ) ;
#1472 = ORIENTED_EDGE ( 'NONE', *, *, #53, .T. ) ;
#1473 = DIRECTION ( 'NONE',  ( 1.000000000000000000, 0.000000000000000000, 0.000000000000000000 ) ) ;
#1474 = CARTESIAN_POINT ( 'NONE',  ( -1043.890835400854257, 1757.916872293745655, 17.72170946511614176 ) ) ;
#1475 = CARTESIAN_POINT ( 'NONE',  ( -1049.912978181443350, 1782.736348919924239, 20.00000000000000000 ) ) ;
#1476 = DIRECTION ( 'NONE',  ( -1.000000000000000000, 0.000000000000000000, 0.000000000000000000 ) ) ;
#1477 = CARTESIAN_POINT ( 'NONE',  ( -1005.677028853829711, 1837.151786976103494, 17.00000000000000000 ) ) ;
#1478 = AXIS2_PLACEMENT_3D ( 'NONE', #676, #1540, #949 ) ;
#1479 = ORIENTED_EDGE ( 'NONE', *, *, #1048, .T. ) ;
#1480 = DIRECTION ( 'NONE',  ( -1.000000000000000000, 0.000000000000000000, 0.000000000000000000 ) ) ;
#1481 = CARTESIAN_POINT ( 'NONE',  ( -1072.795020342014141, 1855.310320854187012, 17.50000000000000000 ) ) ;
#1482 = TOROIDAL_SURFACE ( 'NONE', #505, 8.508618114656643527, 3.000000000000000000 ) ;
#1483 = EDGE_CURVE ( 'NONE', #1691, #1168, #1209, .T. ) ;
#1484 = CARTESIAN_POINT ( 'NONE',  ( -1041.720731343589932, 1879.302788458180430, 10.00000000000000000 ) ) ;
#1485 = ORIENTED_EDGE ( 'NONE', *, *, #328, .T. ) ;
#1486 = CIRCLE ( 'NONE', #480, 31.52649575465638065 ) ;
#1487 = ADVANCED_FACE ( 'NONE', ( #598 ), #1766, .T. ) ;
#1488 = CARTESIAN_POINT ( 'NONE',  ( -1020.285754751773197, 1774.534974757269993, 19.90344406808713629 ) ) ;
#1489 = ORIENTED_EDGE ( 'NONE', *, *, #1873, .T. ) ;
#1490 = DIRECTION ( 'NONE',  ( 0.7057095276197101752, -0.7085012791991033287, 1.046726266269311158E-13 ) ) ;
#1491 = ORIENTED_EDGE ( 'NONE', *, *, #109, .F. ) ;
#1492 = EDGE_CURVE ( 'NONE', #1627, #430, #1622, .T. ) ;
#1493 = CARTESIAN_POINT ( 'NONE',  ( -1041.720731343589932, 1859.302788458180203, 10.00000000000000000 ) ) ;
#1494 = CARTESIAN_POINT ( 'NONE',  ( -1035.819039884664562, 1849.641383398306289, 17.77814080686266252 ) ) ;
#1495 = LINE ( 'NONE', #781, #1449 ) ;
#1496 = DIRECTION ( 'NONE',  ( 1.000000000000000000, 0.000000000000000000, 0.000000000000000000 ) ) ;
#1497 = ORIENTED_EDGE ( 'NONE', *, *, #1533, .T. ) ;
#1498 = ORIENTED_EDGE ( 'NONE', *, *, #556, .T. ) ;
#1499 = DIRECTION ( 'NONE',  ( -1.000000000000000000, 0.000000000000000000, 0.000000000000000000 ) ) ;
#1500 = CARTESIAN_POINT ( 'NONE',  ( -1040.469825267791748, 1860.077559947967757, 20.00000000000000000 ) ) ;
#1501 = CARTESIAN_POINT ( 'NONE',  ( -1018.102895068833959, 1774.963934105512180, 20.00000000000000000 ) ) ;
#1502 = ADVANCED_FACE ( 'NONE', ( #1535 ), #220, .F. ) ;
#1503 = ORIENTED_EDGE ( 'NONE', *, *, #1226, .F. ) ;
#1504 = CARTESIAN_POINT ( 'NONE',  ( -1040.495946957623573, 1860.051619371335619, 17.50000000000000000 ) ) ;
#1505 = CIRCLE ( 'NONE', #1478, 9.500000000000063949 ) ;
#1506 = ORIENTED_EDGE ( 'NONE', *, *, #1633, .F. ) ;
#1507 = LINE ( 'NONE', #936, #421 ) ;
#1508 = VECTOR ( 'NONE', #1087, 1000.000000000000000 ) ;
#1509 = CARTESIAN_POINT ( 'NONE',  ( -1018.454469271184280, 1771.873000409475480, 18.98364881883823685 ) ) ;
#1510 = CYLINDRICAL_SURFACE ( 'NONE', #90, 20.00000000000001776 ) ;
#1511 = DIRECTION ( 'NONE',  ( -1.000000000000000000, 0.000000000000000000, 0.000000000000000000 ) ) ;
#1512 = ADVANCED_FACE ( 'NONE', ( #1704 ), #1264, .T. ) ;
#1513 = CYLINDRICAL_SURFACE ( 'NONE', #791, 3.000000000000033751 ) ;
#1514 = DIRECTION ( 'NONE',  ( -1.000000000000000000, 0.000000000000000000, 0.000000000000000000 ) ) ;
#1515 = VERTEX_POINT ( 'NONE', #1484 ) ;
#1516 = CARTESIAN_POINT ( 'NONE',  ( -1076.425784095142717, 1766.681807447669144, 20.00000000000000000 ) ) ;
#1517 = DIRECTION ( 'NONE',  ( -0.000000000000000000, -0.000000000000000000, -1.000000000000000000 ) ) ;
#1518 = CARTESIAN_POINT ( 'NONE',  ( -1017.713448278113788, 1771.919483044095614, 10.00000000000000000 ) ) ;
#1519 = DIRECTION ( 'NONE',  ( 0.000000000000000000, 0.000000000000000000, -1.000000000000000000 ) ) ;
#1520 = DIRECTION ( 'NONE',  ( -0.000000000000000000, -0.000000000000000000, 1.000000000000000000 ) ) ;
#1521 = CARTESIAN_POINT ( 'NONE',  ( -1073.083024767848656, 1772.191941738128207, 17.50000000000000000 ) ) ;
#1522 = ORIENTED_EDGE ( 'NONE', *, *, #474, .T. ) ;
#1523 = VERTEX_POINT ( 'NONE', #162 ) ;
#1524 = DIRECTION ( 'NONE',  ( 1.000000000000000000, 0.000000000000000000, 0.000000000000000000 ) ) ;
#1525 = EDGE_LOOP ( 'NONE', ( #1307, #555, #1073, #1491 ) ) ;
#1526 = LINE ( 'NONE', #639, #754 ) ;
#1527 = CARTESIAN_POINT ( 'NONE',  ( -1041.720731343589932, 1859.302788458180203, 10.00000000000000000 ) ) ;
#1528 = DIRECTION ( 'NONE',  ( 0.000000000000000000, 0.000000000000000000, -1.000000000000000000 ) ) ;
#1529 = FACE_OUTER_BOUND ( 'NONE', #1250, .T. ) ;
#1530 = CARTESIAN_POINT ( 'NONE',  ( -1049.739195495399827, 1757.784304721706121, 20.00000000000000000 ) ) ;
#1531 = ORIENTED_EDGE ( 'NONE', *, *, #702, .F. ) ;
#1532 = CARTESIAN_POINT ( 'NONE',  ( -1074.229675476499324, 1878.453248853427567, 20.00000000000000000 ) ) ;
#1533 = EDGE_CURVE ( 'NONE', #438, #994, #127, .T. ) ;
#1534 = AXIS2_PLACEMENT_3D ( 'NONE', #1555, #1858, #1004 ) ;
#1535 = FACE_OUTER_BOUND ( 'NONE', #596, .T. ) ;
#1536 = ORIENTED_EDGE ( 'NONE', *, *, #1369, .T. ) ;
#1537 = AXIS2_PLACEMENT_3D ( 'NONE', #1621, #330, #338 ) ;
#1538 = FACE_OUTER_BOUND ( 'NONE', #1379, .T. ) ;
#1539 = VECTOR ( 'NONE', #1197, 1000.000000000000000 ) ;
#1540 = DIRECTION ( 'NONE',  ( 0.000000000000000000, 0.000000000000000000, 1.000000000000000000 ) ) ;
#1541 = AXIS2_PLACEMENT_3D ( 'NONE', #262, #560, #551 ) ;
#1542 = MECHANICAL_DESIGN_GEOMETRIC_PRESENTATION_REPRESENTATION (  '', ( #538 ), #1452 ) ;
#1543 = AXIS2_PLACEMENT_3D ( 'NONE', #1367, #50, #1499 ) ;
#1544 = FACE_OUTER_BOUND ( 'NONE', #1450, .T. ) ;
#1545 = EDGE_LOOP ( 'NONE', ( #1565, #616, #64, #1839 ) ) ;
#1546 = DIRECTION ( 'NONE',  ( -1.000000000000000000, 0.000000000000000000, 0.000000000000000000 ) ) ;
#1547 = ORIENTED_EDGE ( 'NONE', *, *, #1160, .F. ) ;
#1548 = DIRECTION ( 'NONE',  ( -1.000000000000000000, 0.000000000000000000, 0.000000000000000000 ) ) ;
#1549 = FACE_BOUND ( 'NONE', #1044, .T. ) ;
#1550 = DIRECTION ( 'NONE',  ( 0.000000000000000000, 0.000000000000000000, -1.000000000000000000 ) ) ;
#1551 = CARTESIAN_POINT ( 'NONE',  ( -1052.389196487470144, 1845.723412811759772, 20.00000000000000000 ) ) ;
#1552 = CARTESIAN_POINT ( 'NONE',  ( -1049.873686846558257, 1781.720473634336258, 19.25909519096575906 ) ) ;
#1553 = ORIENTED_EDGE ( 'NONE', *, *, #1233, .T. ) ;
#1554 = EDGE_LOOP ( 'NONE', ( #1593, #855, #88, #1263, #500 ) ) ;
#1555 = CARTESIAN_POINT ( 'NONE',  ( -1073.947363171909501, 1868.957634347614203, 20.00000000000000000 ) ) ;
#1556 = EDGE_LOOP ( 'NONE', ( #313, #1753, #1262, #1442 ) ) ;
#1557 = DIRECTION ( 'NONE',  ( -0.000000000000000000, -0.000000000000000000, -1.000000000000000000 ) ) ;
#1558 = FACE_BOUND ( 'NONE', #324, .T. ) ;
#1559 = B_SPLINE_CURVE_WITH_KNOTS ( 'NONE', 3,
 ( #1868, #1757, #282, #1620 ),
 .UNSPECIFIED., .F., .F.,
 ( 4, 4 ),
 ( 0.000000000000000000, 1.000000000000000000 ),
 .UNSPECIFIED. ) ;
#1560 = EDGE_CURVE ( 'NONE', #1829, #1862, #636, .T. ) ;
#1561 = CARTESIAN_POINT ( 'NONE',  ( -1050.413777576121674, 1814.258866816416457, 17.00000000000000000 ) ) ;
#1562 = EDGE_CURVE ( 'NONE', #690, #1168, #599, .T. ) ;
#1563 = B_SPLINE_CURVE_WITH_KNOTS ( 'NONE', 3,
 ( #931, #175, #762, #1494, #780, #454, #298, #1353, #477, #317, #1768, #1781, #25, #1643, #1336, #628, #899, #307, #147, #790 ),
 .UNSPECIFIED., .F., .F.,
 ( 4, 2, 2, 2, 2, 2, 2, 2, 2, 4 ),
 ( 2.324529457808921507E-16, 0.0005874716101514779534, 0.001174943220302723454, 0.001762414830453968738, 0.002349886440605214455, 0.002937358050756459955, 0.003524829660907705022, 0.004112301271058950956, 0.004406037076134985270, 0.004699772881211019583 ),
 .UNSPECIFIED. ) ;
#1564 = EDGE_LOOP ( 'NONE', ( #920, #835, #587, #335 ) ) ;
#1565 = ORIENTED_EDGE ( 'NONE', *, *, #1652, .T. ) ;
#1566 =( NAMED_UNIT ( * ) SI_UNIT ( $, .STERADIAN. ) SOLID_ANGLE_UNIT ( ) );
#1567 = ORIENTED_EDGE ( 'NONE', *, *, #1849, .T. ) ;
#1568 = SURFACE_STYLE_FILL_AREA ( #1314 ) ;
#1569 = CARTESIAN_POINT ( 'NONE',  ( -1031.724120958011781, 1760.132925844675810, 17.96672672015432681 ) ) ;
#1570 = VECTOR ( 'NONE', #1841, 1000.000000000000000 ) ;
#1571 = AXIS2_PLACEMENT_3D ( 'NONE', #776, #925, #582 ) ;
#1572 = CIRCLE ( 'NONE', #158, 31.52649575465660092 ) ;
#1573 = AXIS2_PLACEMENT_3D ( 'NONE', #201, #308, #919 ) ;
#1574 = VECTOR ( 'NONE', #672, 1000.000000000000114 ) ;
#1575 = CARTESIAN_POINT ( 'NONE',  ( -1033.849012508638907, 1736.568721023926400, 17.00000000000000000 ) ) ;
#1576 = EDGE_CURVE ( 'NONE', #1090, #492, #789, .T. ) ;
#1577 = EDGE_CURVE ( 'NONE', #471, #932, #1559, .T. ) ;
#1578 = ORIENTED_EDGE ( 'NONE', *, *, #1145, .F. ) ;
#1579 = ORIENTED_EDGE ( 'NONE', *, *, #753, .F. ) ;
#1580 = ORIENTED_EDGE ( 'NONE', *, *, #231, .F. ) ;
#1581 = CARTESIAN_POINT ( 'NONE',  ( -1076.425784095142717, 1766.681807447669144, 20.00000000000000000 ) ) ;
#1582 = EDGE_CURVE ( 'NONE', #1523, #1657, #155, .T. ) ;
#1583 = CYLINDRICAL_SURFACE ( 'NONE', #221, 31.52649575465660092 ) ;
#1584 = ORIENTED_EDGE ( 'NONE', *, *, #838, .T. ) ;
#1585 = ORIENTED_EDGE ( 'NONE', *, *, #1374, .F. ) ;
#1586 = VERTEX_POINT ( 'NONE', #756 ) ;
#1587 = APPLICATION_PROTOCOL_DEFINITION ( 'draft international standard', 'automotive_design', 1998, #1338 ) ;
#1588 = FACE_OUTER_BOUND ( 'NONE', #812, .T. ) ;
#1589 = CYLINDRICAL_SURFACE ( 'NONE', #1391, 4.250000000000087041 ) ;
#1590 = CARTESIAN_POINT ( 'NONE',  ( -1050.413777576121674, 1814.258866816416457, 5.000000000000000000 ) ) ;
#1591 = DIRECTION ( 'NONE',  ( 1.000000000000000000, 0.000000000000000000, 0.000000000000000000 ) ) ;
#1592 = ORIENTED_EDGE ( 'NONE', *, *, #203, .F. ) ;
#1593 = ORIENTED_EDGE ( 'NONE', *, *, #173, .F. ) ;
#1594 = CARTESIAN_POINT ( 'NONE',  ( -1018.109878499142042, 1771.894424808871463, 18.50324294987484208 ) ) ;
#1595 = EDGE_LOOP ( 'NONE', ( #1673, #1138 ) ) ;
#1596 = EDGE_CURVE ( 'NONE', #1342, #709, #687, .T. ) ;
#1597 = FACE_BOUND ( 'NONE', #731, .T. ) ;
#1598 = EDGE_CURVE ( 'NONE', #606, #204, #1084, .T. ) ;
#1599 = DIRECTION ( 'NONE',  ( -1.000000000000000000, 0.000000000000000000, 0.000000000000000000 ) ) ;
#1600 = AXIS2_PLACEMENT_3D ( 'NONE', #1581, #1257, #1715 ) ;
#1601 = FACE_OUTER_BOUND ( 'NONE', #257, .T. ) ;
#1602 = AXIS2_PLACEMENT_3D ( 'NONE', #165, #1344, #1467 ) ;
#1603 = AXIS2_PLACEMENT_3D ( 'NONE', #176, #21, #1204 ) ;
#1604 = DIRECTION ( 'NONE',  ( -0.000000000000000000, -0.000000000000000000, 1.000000000000000000 ) ) ;
#1605 = VECTOR ( 'NONE', #1384, 1000.000000000000000 ) ;
#1606 = AXIS2_PLACEMENT_3D ( 'NONE', #140, #455, #434 ) ;
#1607 = EDGE_CURVE ( 'NONE', #846, #1523, #940, .T. ) ;
#1608 = VERTEX_POINT ( 'NONE', #1739 ) ;
#1609 = CIRCLE ( 'NONE', #128, 11.50861811465664353 ) ;
#1610 = VECTOR ( 'NONE', #785, 999.9999999999998863 ) ;
#1611 = ORIENTED_EDGE ( 'NONE', *, *, #901, .T. ) ;
#1612 = CARTESIAN_POINT ( 'NONE',  ( -1029.238632716285792, 1783.904797595749869, 17.77669829650702482 ) ) ;
#1613 = CARTESIAN_POINT ( 'NONE',  ( -1045.657176699029833, 1757.876833791755644, 19.10399534915382702 ) ) ;
#1614 = DIRECTION ( 'NONE',  ( -1.000000000000000000, 0.000000000000000000, 0.000000000000000000 ) ) ;
#1615 = CARTESIAN_POINT ( 'NONE',  ( -1050.413777576121674, 1814.258866816416457, 17.00000000000000000 ) ) ;
#1616 = ORIENTED_EDGE ( 'NONE', *, *, #1533, .F. ) ;
#1617 = CARTESIAN_POINT ( 'NONE',  ( -1073.947363171909501, 1868.957634347614203, 5.000000000000000888 ) ) ;
#1618 = VERTEX_POINT ( 'NONE', #431 ) ;
#1619 = CARTESIAN_POINT ( 'NONE',  ( -1018.831755675967202, 1774.822389190865124, 18.98364881883826527 ) ) ;
#1620 = CARTESIAN_POINT ( 'NONE',  ( -1045.655290077765585, 1879.302788458180430, 5.000000000000000888 ) ) ;
#1621 = CARTESIAN_POINT ( 'NONE',  ( -1033.849012508638907, 1736.568721023926400, 20.00000000000000000 ) ) ;
#1622 = LINE ( 'NONE', #26, #1786 ) ;
#1623 = ADVANCED_FACE ( 'NONE', ( #1588 ), #271, .T. ) ;
#1624 = DIRECTION ( 'NONE',  ( 0.000000000000000000, 0.000000000000000000, -1.000000000000000000 ) ) ;
#1625 = ADVANCED_FACE ( 'NONE', ( #1529 ), #113, .F. ) ;
#1626 = VERTEX_POINT ( 'NONE', #151 ) ;
#1627 = VERTEX_POINT ( 'NONE', #464 ) ;
#1628 = CARTESIAN_POINT ( 'NONE',  ( -1034.004039774049488, 1771.915137767791975, 20.00000000000000000 ) ) ;
#1629 = CARTESIAN_POINT ( 'NONE',  ( -1035.788297653198242, 1849.549889564514160, 20.00000000000000000 ) ) ;
#1630 = ORIENTED_EDGE ( 'NONE', *, *, #146, .T. ) ;
#1631 = CARTESIAN_POINT ( 'NONE',  ( -1085.924863780605619, 1766.551015240923334, 20.00000000000000000 ) ) ;
#1632 = CARTESIAN_POINT ( 'NONE',  ( -1082.583024767848656, 1772.191941738128207, 5.000000000000000888 ) ) ;
#1633 = EDGE_CURVE ( 'NONE', #277, #895, #1329, .T. ) ;
#1634 = AXIS2_PLACEMENT_3D ( 'NONE', #224, #1381, #1687 ) ;
#1635 = ORIENTED_EDGE ( 'NONE', *, *, #347, .T. ) ;
#1636 = AXIS2_PLACEMENT_3D ( 'NONE', #1394, #1824, #378 ) ;
#1637 = VECTOR ( 'NONE', #1624, 1000.000000000000000 ) ;
#1638 = ORIENTED_EDGE ( 'NONE', *, *, #548, .T. ) ;
#1639 = COLOUR_RGB ( '',0.7921568627450980005, 0.8196078431372548767, 0.9333333333333333481 ) ;
#1640 = VECTOR ( 'NONE', #927, 1000.000000000000000 ) ;
#1641 = CARTESIAN_POINT ( 'NONE',  ( -1041.720731343589932, 1879.302788458180430, 5.000000000000000000 ) ) ;
#1642 = EDGE_CURVE ( 'NONE', #875, #167, #1698, .T. ) ;
#1643 = CARTESIAN_POINT ( 'NONE',  ( -1036.447911464343179, 1851.483935401759709, 19.84648468397037036 ) ) ;
#1644 = CARTESIAN_POINT ( 'NONE',  ( -1035.788297653198242, 1849.549889564514160, 10.00000000000000000 ) ) ;
#1645 = CARTESIAN_POINT ( 'NONE',  ( -1040.495946957623573, 1860.051619371335619, 17.00000000000000000 ) ) ;
#1646 = DIRECTION ( 'NONE',  ( -0.000000000000000000, -0.000000000000000000, -1.000000000000000000 ) ) ;
#1647 = LINE ( 'NONE', #334, #249 ) ;
#1648 = CARTESIAN_POINT ( 'NONE',  ( -1052.537034000703898, 1846.733979415401791, 19.26047147764726475 ) ) ;
#1649 = VERTEX_POINT ( 'NONE', #1628 ) ;
#1650 = DIRECTION ( 'NONE',  ( -1.000000000000000000, 0.000000000000000000, 0.000000000000000000 ) ) ;
#1651 = CARTESIAN_POINT ( 'NONE',  ( -1049.132966528999077, 1757.798046403285298, 20.00000000000001421 ) ) ;
#1652 = EDGE_CURVE ( 'NONE', #805, #264, #322, .T. ) ;
#1653 = CARTESIAN_POINT ( 'NONE',  ( -1049.995946957623573, 1860.051619371335619, 5.000000000000000888 ) ) ;
#1654 = DIRECTION ( 'NONE',  ( -1.000000000000000000, 0.000000000000000000, 0.000000000000000000 ) ) ;
#1655 = ORIENTED_EDGE ( 'NONE', *, *, #1688, .F. ) ;
#1656 = EDGE_CURVE ( 'NONE', #874, #463, #96, .T. ) ;
#1657 = VERTEX_POINT ( 'NONE', #446 ) ;
#1658 = DIRECTION ( 'NONE',  ( 0.2246087167563428355, -0.9744490363056802495, 0.000000000000000000 ) ) ;
#1659 = CARTESIAN_POINT ( 'NONE',  ( -1076.210498809814453, 1757.184267044067383, 20.00000000000000000 ) ) ;
#1660 = EDGE_CURVE ( 'NONE', #690, #1205, #1609, .T. ) ;
#1661 = FACE_OUTER_BOUND ( 'NONE', #860, .T. ) ;
#1662 = CARTESIAN_POINT ( 'NONE',  ( -1044.089699128283655, 1875.716415852092268, 20.00000000000000000 ) ) ;
#1663 = ORIENTED_EDGE ( 'NONE', *, *, #345, .F. ) ;
#1664 = ORIENTED_EDGE ( 'NONE', *, *, #934, .T. ) ;
#1665 = AXIS2_PLACEMENT_3D ( 'NONE', #359, #369, #210 ) ;
#1666 = CIRCLE ( 'NONE', #853, 31.52649575465660092 ) ;
#1667 = DIRECTION ( 'NONE',  ( -1.000000000000000000, 0.000000000000000000, 0.000000000000000000 ) ) ;
#1668 = AXIS2_PLACEMENT_3D ( 'NONE', #779, #1231, #205 ) ;
#1669 = LINE ( 'NONE', #1070, #126 ) ;
#1670 = FACE_BOUND ( 'NONE', #100, .T. ) ;
#1671 = CARTESIAN_POINT ( 'NONE',  ( -1029.239296913146973, 1784.000635147094727, 20.00000000000000000 ) ) ;
#1672 = CARTESIAN_POINT ( 'NONE',  ( -1045.655290077765585, 1879.302788458180430, 19.64172840016436794 ) ) ;
#1673 = ORIENTED_EDGE ( 'NONE', *, *, #499, .T. ) ;
#1674 = CARTESIAN_POINT ( 'NONE',  ( -1018.887281821465194, 1814.258866816416457, 10.00000000000000000 ) ) ;
#1675 =( BOUNDED_CURVE ( )  B_SPLINE_CURVE ( 3, ( #603, #1174, #592, #488 ),
 .UNSPECIFIED., .F., .F. ) 
 B_SPLINE_CURVE_WITH_KNOTS ( ( 4, 4 ),
 ( 4.712388980384689674, 5.206108760773956234 ),
 .UNSPECIFIED. ) 
 CURVE ( )  GEOMETRIC_REPRESENTATION_ITEM ( )  RATIONAL_B_SPLINE_CURVE ( ( 1.000000000000000000, 0.9797896794384508556, 0.9797896794384508556, 1.000000000000000000 ) ) 
 REPRESENTATION_ITEM ( '' )  );
#1676 = ORIENTED_EDGE ( 'NONE', *, *, #620, .T. ) ;
#1677 = CARTESIAN_POINT ( 'NONE',  ( -1018.327722913607431, 1771.880848496121871, 18.82933273843540789 ) ) ;
#1678 = DIRECTION ( 'NONE',  ( 1.000000000000000000, 0.000000000000000000, 0.000000000000000000 ) ) ;
#1679 = DIRECTION ( 'NONE',  ( -0.9997431916869492508, -0.02266165650590859851, 0.000000000000000000 ) ) ;
#1680 = ADVANCED_FACE ( 'NONE', ( #1179 ), #952, .F. ) ;
#1681 = ORIENTED_EDGE ( 'NONE', *, *, #584, .T. ) ;
#1682 = FACE_OUTER_BOUND ( 'NONE', #142, .T. ) ;
#1683 = EDGE_LOOP ( 'NONE', ( #590, #886, #1472, #539 ) ) ;
#1684 = CARTESIAN_POINT ( 'NONE',  ( -1032.342076301574707, 1868.173360824584961, 10.00000000000000000 ) ) ;
#1685 = EDGE_CURVE ( 'NONE', #1342, #912, #1647, .T. ) ;
#1686 = CARTESIAN_POINT ( 'NONE',  ( -1077.333024767848656, 1772.191941738128207, 20.00000000000000000 ) ) ;
#1687 = DIRECTION ( 'NONE',  ( 1.000000000000000000, 0.000000000000000000, 0.000000000000000000 ) ) ;
#1688 = EDGE_CURVE ( 'NONE', #527, #1375, #1486, .T. ) ;
#1689 = DIRECTION ( 'NONE',  ( -0.9997431916869493618, -0.02266165650590860198, 0.000000000000000000 ) ) ;
#1690 = CARTESIAN_POINT ( 'NONE',  ( -1040.495946957623573, 1860.051619371335619, 17.50000000000000000 ) ) ;
#1691 = VERTEX_POINT ( 'NONE', #810 ) ;
#1692 = CARTESIAN_POINT ( 'NONE',  ( -1086.551070213317871, 1812.030673027038574, 5.000000000000000888 ) ) ;
#1693 = CIRCLE ( 'NONE', #1668, 4.250000000000087041 ) ;
#1694 = AXIS2_PLACEMENT_3D ( 'NONE', #979, #195, #1514 ) ;
#1695 = VECTOR ( 'NONE', #549, 1000.000000000000000 ) ;
#1696 = CARTESIAN_POINT ( 'NONE',  ( -1043.678045272827148, 1757.921695709228516, 5.000000000000000888 ) ) ;
#1697 = CIRCLE ( 'NONE', #1360, 23.50658233326652180 ) ;
#1698 = CIRCLE ( 'NONE', #1003, 9.500000000000063949 ) ;
#1699 = COLOUR_RGB ( '',0.7921568627450980005, 0.8196078431372548767, 0.9333333333333333481 ) ;
#1700 = DIRECTION ( 'NONE',  ( 0.000000000000000000, 0.000000000000000000, -1.000000000000000000 ) ) ;
#1701 = ORIENTED_EDGE ( 'NONE', *, *, #1873, .F. ) ;
#1702 = CARTESIAN_POINT ( 'NONE',  ( -1049.907079766362813, 1782.583230344343292, 17.96660384668109600 ) ) ;
#1703 = DIRECTION ( 'NONE',  ( 0.000000000000000000, 0.000000000000000000, 1.000000000000000000 ) ) ;
#1704 = FACE_OUTER_BOUND ( 'NONE', #1683, .T. ) ;
#1705 = EDGE_LOOP ( 'NONE', ( #1863, #1847, #1151, #1497 ) ) ;
#1706 = DIRECTION ( 'NONE',  ( 0.000000000000000000, 0.000000000000000000, 1.000000000000000000 ) ) ;
#1707 = CARTESIAN_POINT ( 'NONE',  ( -1073.083024767848656, 1772.191941738128207, 20.00000000000000000 ) ) ;
#1708 = EDGE_CURVE ( 'NONE', #527, #204, #22, .T. ) ;
#1709 = DIRECTION ( 'NONE',  ( -0.000000000000000000, -0.000000000000000000, -1.000000000000000000 ) ) ;
#1710 = CARTESIAN_POINT ( 'NONE',  ( -1017.713448278113788, 1771.919483044095614, 20.00000000000000000 ) ) ;
#1711 = ORIENTED_EDGE ( 'NONE', *, *, #981, .T. ) ;
#1712 = ORIENTED_EDGE ( 'NONE', *, *, #704, .F. ) ;
#1713 = CARTESIAN_POINT ( 'NONE',  ( -1017.713448278113788, 1771.919483044095614, 20.00000000000000000 ) ) ;
#1714 = ORIENTED_EDGE ( 'NONE', *, *, #1236, .T. ) ;
#1715 = DIRECTION ( 'NONE',  ( 1.000000000000000000, 0.000000000000000000, 0.000000000000000000 ) ) ;
#1716 = ADVANCED_FACE ( 'NONE', ( #58 ), #1395, .T. ) ;
#1717 = CARTESIAN_POINT ( 'NONE',  ( -1035.788297653198242, 1849.549889564514160, 17.00000000000000000 ) ) ;
#1718 = ADVANCED_FACE ( 'NONE', ( #1127 ), #866, .T. ) ;
#1719 = VERTEX_POINT ( 'NONE', #1152 ) ;
#1720 = ORIENTED_EDGE ( 'NONE', *, *, #1483, .F. ) ;
#1721 = CARTESIAN_POINT ( 'NONE',  ( -1076.210498809814453, 1757.184267044067383, 20.00000000000000000 ) ) ;
#1722 = DIRECTION ( 'NONE',  ( -1.000000000000000000, 0.000000000000000000, 0.000000000000000000 ) ) ;
#1723 = B_SPLINE_CURVE_WITH_KNOTS ( 'NONE', 3,
 ( #679, #1407, #1119, #1830, #1702, #843, #962, #985, #1808, #1552, #498, #194, #352, #213, #1247, #811, #1372, #69 ),
 .UNSPECIFIED., .F., .F.,
 ( 4, 2, 2, 2, 2, 2, 2, 2, 4 ),
 ( 0.000000000000000000, 0.0005858999497867589754, 0.001171799899573517951, 0.001757699849360276926, 0.002343599799147035902, 0.002929499748933794660, 0.003515399698720553853, 0.004101299648507313045, 0.004687199598294071803 ),
 .UNSPECIFIED. ) ;
#1724 = VERTEX_POINT ( 'NONE', #72 ) ;
#1725 =( NAMED_UNIT ( * ) PLANE_ANGLE_UNIT ( ) SI_UNIT ( $, .RADIAN. ) );
#1726 = CARTESIAN_POINT ( 'NONE',  ( -1031.595905805908842, 1761.139593411058740, 19.38334689079871609 ) ) ;
#1727 = DIRECTION ( 'NONE',  ( 0.000000000000000000, 0.000000000000000000, 1.000000000000000000 ) ) ;
#1728 = CARTESIAN_POINT ( 'NONE',  ( -1076.210498809814453, 1757.184267044067383, 20.00000000000000000 ) ) ;
#1729 = AXIS2_PLACEMENT_3D ( 'NONE', #1109, #1094, #1678 ) ;
#1730 = CIRCLE ( 'NONE', #1636, 9.500000000000063949 ) ;
#1731 = AXIS2_PLACEMENT_3D ( 'NONE', #1387, #1081, #1667 ) ;
#1732 = DIRECTION ( 'NONE',  ( 0.000000000000000000, 0.000000000000000000, 1.000000000000000000 ) ) ;
#1733 = CARTESIAN_POINT ( 'NONE',  ( -1020.975258518141800, 1773.775049806985635, 17.00000000000000000 ) ) ;
#1734 = EDGE_LOOP ( 'NONE', ( #117, #1663, #207, #31 ) ) ;
#1735 = ORIENTED_EDGE ( 'NONE', *, *, #10, .T. ) ;
#1736 = ORIENTED_EDGE ( 'NONE', *, *, #934, .F. ) ;
#1737 = CARTESIAN_POINT ( 'NONE',  ( 0.000000000000000000, 0.000000000000000000, 0.000000000000000000 ) ) ;
#1738 = DIRECTION ( 'NONE',  ( -0.000000000000000000, -0.000000000000000000, -1.000000000000000000 ) ) ;
#1739 = CARTESIAN_POINT ( 'NONE',  ( -1031.357726585627233, 1762.957968861635663, 20.00000000000000000 ) ) ;
#1740 = DIRECTION ( 'NONE',  ( 0.7057095276197172806, -0.7085012791990961123, 0.000000000000000000 ) ) ;
#1741 = DIRECTION ( 'NONE',  ( 0.000000000000000000, 0.000000000000000000, -1.000000000000000000 ) ) ;
#1742 = DIRECTION ( 'NONE',  ( -1.000000000000000000, 0.000000000000000000, 0.000000000000000000 ) ) ;
#1743 = EDGE_CURVE ( 'NONE', #108, #1320, #1723, .T. ) ;
#1744 = EDGE_LOOP ( 'NONE', ( #1835, #41 ) ) ;
#1745 = ORIENTED_EDGE ( 'NONE', *, *, #1317, .F. ) ;
#1746 = DIRECTION ( 'NONE',  ( -0.000000000000000000, -0.000000000000000000, -1.000000000000000000 ) ) ;
#1747 = DIRECTION ( 'NONE',  ( -1.000000000000000000, 0.000000000000000000, 0.000000000000000000 ) ) ;
#1748 = VERTEX_POINT ( 'NONE', #954 ) ;
#1749 = CARTESIAN_POINT ( 'NONE',  ( -1039.254039774049488, 1771.915137767791975, 5.000000000000000888 ) ) ;
#1750 = DIRECTION ( 'NONE',  ( 0.000000000000000000, 0.000000000000000000, -1.000000000000000000 ) ) ;
#1751 = LINE ( 'NONE', #442, #353 ) ;
#1752 = ORIENTED_EDGE ( 'NONE', *, *, #228, .F. ) ;
#1753 = ORIENTED_EDGE ( 'NONE', *, *, #52, .F. ) ;
#1754 = DIRECTION ( 'NONE',  ( -1.000000000000000000, 0.000000000000000000, 0.000000000000000000 ) ) ;
#1755 = ORIENTED_EDGE ( 'NONE', *, *, #1598, .T. ) ;
#1756 = LINE ( 'NONE', #449, #725 ) ;
#1757 = CARTESIAN_POINT ( 'NONE',  ( -1045.457143051700086, 1879.305732692979518, 5.000000000000000888 ) ) ;
#1758 = CIRCLE ( 'NONE', #1600, 9.499980077459113659 ) ;
#1759 = AXIS2_PLACEMENT_3D ( 'NONE', #609, #1727, #1157 ) ;
#1760 = FACE_OUTER_BOUND ( 'NONE', #543, .T. ) ;
#1761 = AXIS2_PLACEMENT_3D ( 'NONE', #303, #1153, #266 ) ;
#1762 = AXIS2_PLACEMENT_3D ( 'NONE', #1097, #1228, #1519 ) ;
#1763 = LINE ( 'NONE', #409, #1210 ) ;
#1764 = ORIENTED_EDGE ( 'NONE', *, *, #1048, .F. ) ;
#1765 = CARTESIAN_POINT ( 'NONE',  ( -1077.333024767848656, 1772.191941738128207, 17.50000000000000000 ) ) ;
#1766 = PLANE ( 'NONE',  #1259 ) ;
#1767 = ADVANCED_FACE ( 'NONE', ( #1828, #660 ), #47, .T. ) ;
#1768 = CARTESIAN_POINT ( 'NONE',  ( -1036.165700195159616, 1850.664267624189733, 19.38587787122767736 ) ) ;
#1769 = VERTEX_POINT ( 'NONE', #542 ) ;
#1770 = ORIENTED_EDGE ( 'NONE', *, *, #851, .F. ) ;
#1771 = CARTESIAN_POINT ( 'NONE',  ( -1020.859088530108352, 1774.419469890586015, 19.99514013287176795 ) ) ;
#1772 = CARTESIAN_POINT ( 'NONE',  ( -1047.361041707750019, 1757.838211469661019, 19.70448905926539140 ) ) ;
#1773 = ADVANCED_FACE ( 'NONE', ( #1854 ), #56, .F. ) ;
#1774 = DIRECTION ( 'NONE',  ( -0.1268862567038999412, 0.9919172736975961913, 0.000000000000000000 ) ) ;
#1775 = CARTESIAN_POINT ( 'NONE',  ( -1018.122052719873977, 1774.960234398690545, 17.39331977945609609 ) ) ;
#1776 = ORIENTED_EDGE ( 'NONE', *, *, #27, .F. ) ;
#1777 = ORIENTED_EDGE ( 'NONE', *, *, #1144, .F. ) ;
#1778 = ORIENTED_EDGE ( 'NONE', *, *, #347, .F. ) ;
#1779 = CARTESIAN_POINT ( 'NONE',  ( -1029.239296913146745, 1784.000635147094499, 17.19825612970900863 ) ) ;
#1780 = CARTESIAN_POINT ( 'NONE',  ( -1052.496717917591468, 1846.459315678329858, 18.98401043395291765 ) ) ;
#1781 = CARTESIAN_POINT ( 'NONE',  ( -1036.272587569350662, 1850.976126392959259, 19.60471931238886967 ) ) ;
#1782 =( GEOMETRIC_REPRESENTATION_CONTEXT ( 3 ) GLOBAL_UNCERTAINTY_ASSIGNED_CONTEXT ( ( #206 ) ) GLOBAL_UNIT_ASSIGNED_CONTEXT ( ( #694, #403, #1566 ) ) REPRESENTATION_CONTEXT ( 'NONE', 'WORKASPACE' ) );
#1783 = AXIS2_PLACEMENT_3D ( 'NONE', #1252, #1816, #1834 ) ;
#1784 = FACE_OUTER_BOUND ( 'NONE', #1564, .T. ) ;
#1785 = CARTESIAN_POINT ( 'NONE',  ( -1018.887281821465194, 1814.258866816416457, 20.00000000000000000 ) ) ;
#1786 = VECTOR ( 'NONE', #703, 1000.000000000000114 ) ;
#1787 = VECTOR ( 'NONE', #1370, 1000.000000000000000 ) ;
#1788 = ORIENTED_EDGE ( 'NONE', *, *, #792, .F. ) ;
#1789 = DIRECTION ( 'NONE',  ( 0.000000000000000000, 0.000000000000000000, 1.000000000000000000 ) ) ;
#1790 = CARTESIAN_POINT ( 'NONE',  ( -1045.125196049830038, 1757.888892451258243, 18.82369913411968199 ) ) ;
#1791 = LINE ( 'NONE', #1475, #720 ) ;
#1792 = CYLINDRICAL_SURFACE ( 'NONE', #602, 9.500000000000063949 ) ;
#1793 = EDGE_CURVE ( 'NONE', #1058, #136, #778, .T. ) ;
#1794 = FACE_OUTER_BOUND ( 'NONE', #526, .T. ) ;
#1795 = ORIENTED_EDGE ( 'NONE', *, *, #929, .F. ) ;
#1796 = EDGE_CURVE ( 'NONE', #705, #711, #413, .T. ) ;
#1797 = CARTESIAN_POINT ( 'NONE',  ( -1049.995946957623573, 1860.051619371335619, 17.50000000000000000 ) ) ;
#1798 = CARTESIAN_POINT ( 'NONE',  ( -1020.321979517009936, 1771.763414784035604, 19.97580586979414008 ) ) ;
#1799 = CARTESIAN_POINT ( 'NONE',  ( -1068.545020342014141, 1855.310320854187012, 20.00000000000000000 ) ) ;
#1800 = DIRECTION ( 'NONE',  ( 0.7085012791991032177, 0.7057095276197099532, 0.000000000000000000 ) ) ;
#1801 = CARTESIAN_POINT ( 'NONE',  ( -1049.912978181443350, 1782.736348919924239, 17.00000000000000000 ) ) ;
#1802 = ORIENTED_EDGE ( 'NONE', *, *, #798, .F. ) ;
#1803 = LINE ( 'NONE', #1358, #250 ) ;
#1804 = CARTESIAN_POINT ( 'NONE',  ( -1052.433267719803098, 1846.025629305908524, 18.33131642437236408 ) ) ;
#1805 = B_SPLINE_CURVE_WITH_KNOTS ( 'NONE', 3,
 ( #575, #1161, #1775, #615, #16, #1196, #468, #1339, #1619, #145, #1037, #1173, #738, #770, #1488, #897, #1324, #1771, #1313, #1343 ),
 .UNSPECIFIED., .F., .F.,
 ( 4, 2, 2, 2, 2, 2, 2, 2, 2, 4 ),
 ( 0.000000000000000000, 0.0005865149972321703244, 0.001173029994464340649, 0.001759544991696511190, 0.002346059988928681297, 0.002932574986160851622, 0.003519089983393022380, 0.004105604980625192704, 0.004398862479241276782, 0.004692119977857360860 ),
 .UNSPECIFIED. ) ;
#1806 = DIRECTION ( 'NONE',  ( -0.000000000000000000, -0.000000000000000000, -1.000000000000000000 ) ) ;
#1807 = DIRECTION ( 'NONE',  ( 0.000000000000000000, 0.000000000000000000, 1.000000000000000000 ) ) ;
#1808 = CARTESIAN_POINT ( 'NONE',  ( -1049.884414455389560, 1781.996888662684569, 18.98239013283152232 ) ) ;
#1809 = VECTOR ( 'NONE', #807, 999.9999999999998863 ) ;
#1810 = AXIS2_PLACEMENT_3D ( 'NONE', #483, #1646, #7 ) ;
#1811 = ORIENTED_EDGE ( 'NONE', *, *, #361, .F. ) ;
#1812 = DIRECTION ( 'NONE',  ( 1.000000000000000000, 0.000000000000000000, 0.000000000000000000 ) ) ;
#1813 = CIRCLE ( 'NONE', #160, 12.09452907641295205 ) ;
#1814 = ORIENTED_EDGE ( 'NONE', *, *, #814, .F. ) ;
#1815 = CARTESIAN_POINT ( 'NONE',  ( -1020.517944898216911, 1771.752622667922651, 19.99514013287177505 ) ) ;
#1816 = DIRECTION ( 'NONE',  ( 0.000000000000000000, 0.000000000000000000, -1.000000000000000000 ) ) ;
#1817 = ADVANCED_FACE ( 'NONE', ( #244 ), #857, .F. ) ;
#1818 = DIRECTION ( 'NONE',  ( -0.01376762958229700920, 0.9999052216963789652, 0.000000000000000000 ) ) ;
#1819 = VERTEX_POINT ( 'NONE', #1864 ) ;
#1820 = CARTESIAN_POINT ( 'NONE',  ( -1076.425784095142717, 1766.681807447669144, 20.00000000000000000 ) ) ;
#1821 = ORIENTED_EDGE ( 'NONE', *, *, #1685, .F. ) ;
#1822 = CARTESIAN_POINT ( 'NONE',  ( -1029.754039774049488, 1771.915137767791975, 17.50000000000000000 ) ) ;
#1823 = DIRECTION ( 'NONE',  ( 0.000000000000000000, 0.000000000000000000, -1.000000000000000000 ) ) ;
#1824 = DIRECTION ( 'NONE',  ( 0.000000000000000000, 0.000000000000000000, 1.000000000000000000 ) ) ;
#1825 = EDGE_CURVE ( 'NONE', #1205, #1425, #692, .T. ) ;
#1826 = CARTESIAN_POINT ( 'NONE',  ( -1043.270092071458294, 1878.789258469601236, 18.22888448339145384 ) ) ;
#1827 = CARTESIAN_POINT ( 'NONE',  ( -1052.559063609812256, 1846.883815986368973, 19.38452272551322508 ) ) ;
#1828 = FACE_BOUND ( 'NONE', #237, .T. ) ;
#1829 = VERTEX_POINT ( 'NONE', #404 ) ;
#1830 = CARTESIAN_POINT ( 'NONE',  ( -1049.909299177058074, 1782.640828646106911, 17.77616845039984028 ) ) ;
#1831 = DIRECTION ( 'NONE',  ( 1.000000000000000000, 0.000000000000000000, 0.000000000000000000 ) ) ;
#1832 = ORIENTED_EDGE ( 'NONE', *, *, #1317, .T. ) ;
#1833 = CARTESIAN_POINT ( 'NONE',  ( -1031.357726585627233, 1762.957968861635663, 20.00000000000000000 ) ) ;
#1834 = DIRECTION ( 'NONE',  ( -1.000000000000000000, 0.000000000000000000, 0.000000000000000000 ) ) ;
#1835 = ORIENTED_EDGE ( 'NONE', *, *, #1656, .T. ) ;
#1836 = CARTESIAN_POINT ( 'NONE',  ( -1050.413777576121674, 1814.258866816416457, 20.00000000000000000 ) ) ;
#1837 = EDGE_CURVE ( 'NONE', #1748, #750, #976, .T. ) ;
#1838 = UNCERTAINTY_MEASURE_WITH_UNIT (LENGTH_MEASURE( 1.000000000000000082E-05 ), #1458, 'distance_accuracy_value', 'NONE');
#1839 = ORIENTED_EDGE ( 'NONE', *, *, #620, .F. ) ;
#1840 = VECTOR ( 'NONE', #892, 1000.000000000000000 ) ;
#1841 = DIRECTION ( 'NONE',  ( -0.000000000000000000, -0.000000000000000000, -1.000000000000000000 ) ) ;
#1842 = VECTOR ( 'NONE', #629, 999.9999999999998863 ) ;
#1843 = CARTESIAN_POINT ( 'NONE',  ( -1045.655290077765585, 1879.302788458180430, 20.00000000000000000 ) ) ;
#1844 = VECTOR ( 'NONE', #101, 1000.000000000000114 ) ;
#1845 = EDGE_CURVE ( 'NONE', #1328, #1819, #354, .T. ) ;
#1846 = EDGE_LOOP ( 'NONE', ( #825, #1243, #1866, #1531, #1878 ) ) ;
#1847 = ORIENTED_EDGE ( 'NONE', *, *, #671, .T. ) ;
#1848 = EDGE_CURVE ( 'NONE', #1432, #1862, #1088, .T. ) ;
#1849 = EDGE_CURVE ( 'NONE', #1000, #416, #942, .T. ) ;
#1850 = VERTEX_POINT ( 'NONE', #950 ) ;
#1851 = CARTESIAN_POINT ( 'NONE',  ( -1040.469825267791748, 1860.077559947967757, 20.00000000000000000 ) ) ;
#1852 = CARTESIAN_POINT ( 'NONE',  ( -1076.425784095142717, 1766.681807447669144, 5.000000000000000888 ) ) ;
#1853 = FACE_OUTER_BOUND ( 'NONE', #829, .T. ) ;
#1854 = FACE_OUTER_BOUND ( 'NONE', #1441, .T. ) ;
#1855 = CARTESIAN_POINT ( 'NONE',  ( -1072.795020342014141, 1855.310320854187012, 20.00000000000000000 ) ) ;
#1856 = ORIENTED_EDGE ( 'NONE', *, *, #149, .T. ) ;
#1857 = ORIENTED_EDGE ( 'NONE', *, *, #963, .F. ) ;
#1858 = DIRECTION ( 'NONE',  ( -0.000000000000000000, -0.000000000000000000, -1.000000000000000000 ) ) ;
#1859 = ORIENTED_EDGE ( 'NONE', *, *, #52, .T. ) ;
#1860 = DIRECTION ( 'NONE',  ( -0.000000000000000000, -0.000000000000000000, -1.000000000000000000 ) ) ;
#1861 = DIRECTION ( 'NONE',  ( 0.000000000000000000, 0.000000000000000000, -1.000000000000000000 ) ) ;
#1862 = VERTEX_POINT ( 'NONE', #1518 ) ;
#1863 = ORIENTED_EDGE ( 'NONE', *, *, #993, .F. ) ;
#1864 = CARTESIAN_POINT ( 'NONE',  ( -1052.828491392159776, 1848.700818942899787, 20.00000000000000000 ) ) ;
#1865 = LINE ( 'NONE', #429, #1574 ) ;
#1866 = ORIENTED_EDGE ( 'NONE', *, *, #792, .T. ) ;
#1867 = CARTESIAN_POINT ( 'NONE',  ( -1031.666241303282504, 1760.589666120012907, 18.82817310548649914 ) ) ;
#1868 = CARTESIAN_POINT ( 'NONE',  ( -1045.358113295597377, 1879.302788458180430, 5.000000000000000888 ) ) ;
#1869 = CARTESIAN_POINT ( 'NONE',  ( -1047.069730036819237, 1782.910226006594257, 10.00000000000000000 ) ) ;
#1870 = CIRCLE ( 'NONE', #279, 158.1838651449149893 ) ;
#1871 = CIRCLE ( 'NONE', #1665, 9.094529076413282453 ) ;
#1872 = AXIS2_PLACEMENT_3D ( 'NONE', #1383, #1807, #1397 ) ;
#1873 = EDGE_CURVE ( 'NONE', #964, #1618, #1298, .T. ) ;
#1874 = PRESENTATION_LAYER_ASSIGNMENT (  '', '', ( #538 ) ) ;
#1875 = CIRCLE ( 'NONE', #918, 4.250000000000087041 ) ;
#1876 = EDGE_CURVE ( 'NONE', #416, #1000, #535, .T. ) ;
#1877 = DIRECTION ( 'NONE',  ( -1.000000000000000000, 0.000000000000000000, 0.000000000000000000 ) ) ;
#1878 = ORIENTED_EDGE ( 'NONE', *, *, #65, .F. ) ;
#1879 = VERTEX_POINT ( 'NONE', #1686 ) ;
#1880 = ORIENTED_EDGE ( 'NONE', *, *, #668, .T. ) ;
#1881 = CARTESIAN_POINT ( 'NONE',  ( -1029.239296913146973, 1784.000635147094727, 17.00000000000000000 ) ) ;
#1882 = DIRECTION ( 'NONE',  ( -0.000000000000000000, -0.000000000000000000, 1.000000000000000000 ) ) ;
#1883 = DIRECTION ( 'NONE',  ( -1.000000000000000000, 0.000000000000000000, 0.000000000000000000 ) ) ;
#1884 = DIRECTION ( 'NONE',  ( 0.9744490363056798055, 0.2246087167563449172, -0.000000000000000000 ) ) ;
#1885 = ORIENTED_EDGE ( 'NONE', *, *, #1642, .F. ) ;
#1886 = ORIENTED_EDGE ( 'NONE', *, *, #1893, .T. ) ;
#1887 = ORIENTED_EDGE ( 'NONE', *, *, #612, .T. ) ;
#1888 = CYLINDRICAL_SURFACE ( 'NONE', #380, 4.999999999999893419 ) ;
#1889 = DIRECTION ( 'NONE',  ( -0.000000000000000000, -0.000000000000000000, 1.000000000000000000 ) ) ;
#1890 = CARTESIAN_POINT ( 'NONE',  ( -1021.078646889926858, 1774.583275335400231, 20.00000000000000000 ) ) ;
#1891 = DIRECTION ( 'NONE',  ( -1.000000000000000000, 0.000000000000000000, 0.000000000000000000 ) ) ;
#1892 = EDGE_LOOP ( 'NONE', ( #1350, #1241, #1006, #1406 ) ) ;
#1893 = EDGE_CURVE ( 'NONE', #854, #375, #939, .T. ) ;
#1894 = EDGE_LOOP ( 'NONE', ( #185, #355, #1676, #1479 ) ) ;
#1895 = ADVANCED_FACE ( 'NONE', ( #1411, #1311 ), #845, .T. ) ;
#1896 = CARTESIAN_POINT ( 'NONE',  ( -1029.229771480191403, 1780.995613116357390, 20.00000000000000000 ) ) ;
#1897 = AXIS2_PLACEMENT_3D ( 'NONE', #1268, #261, #871 ) ;
ENDSEC;
END-ISO-10303-21;
